,Unnamed: 0,Date,Rate,currency,rate,year,month,month_str
0,1,2005-01-01,{'USD': 1.358363},USD,1.358363,2005,1,Jan
1,2,2005-01-01,{'GBP': 0.705819},GBP,0.705819,2005,1,Jan
2,3,2005-01-01,{'JPY': 139.436301},JPY,139.436301,2005,1,Jan
3,4,2005-01-01,{'CNY': 11.23808},CNY,11.23808,2005,1,Jan
4,5,2006-01-01,{'USD': 1.181562},USD,1.181562,2006,1,Jan
5,6,2006-01-01,{'GBP': 0.686612},GBP,0.686612,2006,1,Jan
6,7,2006-01-01,{'JPY': 139.22724},JPY,139.22724,2006,1,Jan
7,8,2006-01-01,{'CNY': 9.537388},CNY,9.537388,2006,1,Jan
8,9,2007-01-01,{'USD': 1.315192},USD,1.315192,2007,1,Jan
9,10,2007-01-01,{'GBP': 0.670411},GBP,0.670411,2007,1,Jan
10,11,2007-01-01,{'JPY': 156.436232},JPY,156.436232,2007,1,Jan
11,12,2007-01-01,{'CNY': 10.266779},CNY,10.266779,2007,1,Jan
12,13,2008-01-01,{'USD': 1.462424},USD,1.462424,2008,1,Jan
13,14,2008-01-01,{'GBP': 0.735121},GBP,0.735121,2008,1,Jan
14,15,2008-01-01,{'JPY': 163.416069},JPY,163.416069,2008,1,Jan
15,16,2008-01-01,{'CNY': 10.685003},CNY,10.685003,2008,1,Jan
16,17,2009-01-01,{'USD': 1.394492},USD,1.394492,2009,1,Jan
17,18,2009-01-01,{'GBP': 0.956164},GBP,0.956164,2009,1,Jan
18,19,2009-01-01,{'JPY': 126.598325},JPY,126.598325,2009,1,Jan
19,20,2009-01-01,{'CNY': 9.517772},CNY,9.517772,2009,1,Jan
20,21,2010-01-01,{'USD': 1.4342},USD,1.4342,2010,1,Jan
21,22,2010-01-01,{'GBP': 0.886657},GBP,0.886657,2010,1,Jan
22,23,2010-01-01,{'JPY': 133.252538},JPY,133.252538,2010,1,Jan
23,24,2010-01-01,{'CNY': 9.793804},CNY,9.793804,2010,1,Jan
24,25,2011-01-01,{'USD': 1.33737},USD,1.33737,2011,1,Jan
25,26,2011-01-01,{'GBP': 0.859052},GBP,0.859052,2011,1,Jan
26,27,2011-01-01,{'JPY': 108.47771},JPY,108.47771,2011,1,Jan
27,28,2011-01-01,{'CNY': 8.824843},CNY,8.824843,2011,1,Jan
28,29,2012-01-01,{'USD': 1.294525},USD,1.294525,2012,1,Jan
29,30,2012-01-01,{'GBP': 0.834192},GBP,0.834192,2012,1,Jan
30,31,2012-01-01,{'JPY': 99.908411},JPY,99.908411,2012,1,Jan
31,32,2012-01-01,{'CNY': 8.160873},CNY,8.160873,2012,1,Jan
32,33,2013-01-01,{'USD': 1.320739},USD,1.320739,2013,1,Jan
33,34,2013-01-01,{'GBP': 0.81311},GBP,0.81311,2013,1,Jan
34,35,2013-01-01,{'JPY': 114.352908},JPY,114.352908,2013,1,Jan
35,36,2013-01-01,{'CNY': 8.255507},CNY,8.255507,2013,1,Jan
36,37,2014-01-01,{'USD': 1.375574},USD,1.375574,2014,1,Jan
37,38,2014-01-01,{'GBP': 0.830368},GBP,0.830368,2014,1,Jan
38,39,2014-01-01,{'JPY': 144.835474},JPY,144.835474,2014,1,Jan
39,40,2014-01-01,{'CNY': 8.343407},CNY,8.343407,2014,1,Jan
40,41,2005-02-01,{'USD': 1.303526},USD,1.303526,2005,2,Feb
41,42,2005-02-01,{'GBP': 0.692797},GBP,0.692797,2005,2,Feb
42,43,2005-02-01,{'JPY': 135.229122},JPY,135.229122,2005,2,Feb
43,44,2005-02-01,{'CNY': 10.787422},CNY,10.787422,2005,2,Feb
44,45,2006-02-01,{'USD': 1.207546},USD,1.207546,2006,2,Feb
45,46,2006-02-01,{'GBP': 0.680018},GBP,0.680018,2006,2,Feb
46,47,2006-02-01,{'JPY': 142.240326},JPY,142.240326,2006,2,Feb
47,48,2006-02-01,{'CNY': 9.734399},CNY,9.734399,2006,2,Feb
48,49,2007-02-01,{'USD': 1.30208},USD,1.30208,2007,2,Feb
49,50,2007-02-01,{'GBP': 0.661522},GBP,0.661522,2007,2,Feb
50,51,2007-02-01,{'JPY': 157.021385},JPY,157.021385,2007,2,Feb
51,52,2007-02-01,{'CNY': 10.102855},CNY,10.102855,2007,2,Feb
52,53,2008-02-01,{'USD': 1.483206},USD,1.483206,2008,2,Feb
53,54,2008-02-01,{'GBP': 0.751048},GBP,0.751048,2008,2,Feb
54,55,2008-02-01,{'JPY': 157.857106},JPY,157.857106,2008,2,Feb
55,56,2008-02-01,{'CNY': 10.659927},CNY,10.659927,2008,2,Feb
56,57,2009-02-01,{'USD': 1.280511},USD,1.280511,2009,2,Feb
57,58,2009-02-01,{'GBP': 0.891473},GBP,0.891473,2009,2,Feb
58,59,2009-02-01,{'JPY': 114.987067},JPY,114.987067,2009,2,Feb
59,60,2009-02-01,{'CNY': 8.760117},CNY,8.760117,2009,2,Feb
60,61,2010-02-01,{'USD': 1.391783},USD,1.391783,2010,2,Feb
61,62,2010-02-01,{'GBP': 0.873704},GBP,0.873704,2010,2,Feb
62,63,2010-02-01,{'JPY': 126.027449},JPY,126.027449,2010,2,Feb
63,64,2010-02-01,{'CNY': 9.502461},CNY,9.502461,2010,2,Feb
64,65,2011-02-01,{'USD': 1.380479},USD,1.380479,2011,2,Feb
65,66,2011-02-01,{'GBP': 0.855958},GBP,0.855958,2011,2,Feb
66,67,2011-02-01,{'JPY': 112.470454},JPY,112.470454,2011,2,Feb
67,68,2011-02-01,{'CNY': 9.098939},CNY,9.098939,2011,2,Feb
68,69,2012-02-01,{'USD': 1.316874},USD,1.316874,2012,2,Feb
69,70,2012-02-01,{'GBP': 0.831149},GBP,0.831149,2012,2,Feb
70,71,2012-02-01,{'JPY': 100.279857},JPY,100.279857,2012,2,Feb
71,72,2012-02-01,{'CNY': 8.305167},CNY,8.305167,2012,2,Feb
72,73,2013-02-01,{'USD': 1.365048},USD,1.365048,2013,2,Feb
73,74,2013-02-01,{'GBP': 0.867289},GBP,0.867289,2013,2,Feb
74,75,2013-02-01,{'JPY': 125.907455},JPY,125.907455,2013,2,Feb
75,76,2013-02-01,{'CNY': 8.51963},CNY,8.51963,2013,2,Feb
76,77,2014-02-01,{'USD': 1.348849},USD,1.348849,2014,2,Feb
77,78,2014-02-01,{'GBP': 0.820484},GBP,0.820484,2014,2,Feb
78,79,2014-02-01,{'JPY': 137.759805},JPY,137.759805,2014,2,Feb
79,80,2014-02-01,{'CNY': 8.188016},CNY,8.188016,2014,2,Feb
80,81,2005-03-01,{'USD': 1.319134},USD,1.319134,2005,3,Mar
81,82,2005-03-01,{'GBP': 0.686801},GBP,0.686801,2005,3,Mar
82,83,2005-03-01,{'JPY': 137.639276},JPY,137.639276,2005,3,Mar
83,84,2005-03-01,{'CNY': 10.916589},CNY,10.916589,2005,3,Mar
84,85,2006-03-01,{'USD': 1.191541},USD,1.191541,2006,3,Mar
85,86,2006-03-01,{'GBP': 0.680712},GBP,0.680712,2006,3,Mar
86,87,2006-03-01,{'JPY': 138.282796},JPY,138.282796,2006,3,Mar
87,88,2006-03-01,{'CNY': 9.578394},CNY,9.578394,2006,3,Mar
88,89,2007-03-01,{'USD': 1.319312},USD,1.319312,2007,3,Mar
89,90,2007-03-01,{'GBP': 0.672863},GBP,0.672863,2007,3,Mar
90,91,2007-03-01,{'JPY': 155.078072},JPY,155.078072,2007,3,Mar
91,92,2007-03-01,{'CNY': 10.216057},CNY,10.216057,2007,3,Mar
92,93,2008-03-01,{'USD': 1.517997},USD,1.517997,2008,3,Mar
93,94,2008-03-01,{'GBP': 0.764627},GBP,0.764627,2008,3,Mar
94,95,2008-03-01,{'JPY': 157.988703},JPY,157.988703,2008,3,Mar
95,96,2008-03-01,{'CNY': 10.799022},CNY,10.799022,2008,3,Mar
96,97,2009-03-01,{'USD': 1.267034},USD,1.267034,2009,3,Mar
97,98,2009-03-01,{'GBP': 0.889866},GBP,0.889866,2009,3,Mar
98,99,2009-03-01,{'JPY': 123.725222},JPY,123.725222,2009,3,Mar
99,100,2009-03-01,{'CNY': 8.66461},CNY,8.66461,2009,3,Mar
100,101,2010-03-01,{'USD': 1.354021},USD,1.354021,2010,3,Mar
101,102,2010-03-01,{'GBP': 0.905197},GBP,0.905197,2010,3,Mar
102,103,2010-03-01,{'JPY': 120.767524},JPY,120.767524,2010,3,Mar
103,104,2010-03-01,{'CNY': 9.243916},CNY,9.243916,2010,3,Mar
104,105,2011-03-01,{'USD': 1.379489},USD,1.379489,2011,3,Mar
105,106,2011-03-01,{'GBP': 0.84744},GBP,0.84744,2011,3,Mar
106,107,2011-03-01,{'JPY': 113.028627},JPY,113.028627,2011,3,Mar
107,108,2011-03-01,{'CNY': 9.063683},CNY,9.063683,2011,3,Mar
108,109,2012-03-01,{'USD': 1.331739},USD,1.331739,2012,3,Mar
109,110,2012-03-01,{'GBP': 0.834498},GBP,0.834498,2012,3,Mar
110,111,2012-03-01,{'JPY': 108.15829},JPY,108.15829,2012,3,Mar
111,112,2012-03-01,{'CNY': 8.38827},CNY,8.38827,2012,3,Mar
112,113,2013-03-01,{'USD': 1.302658},USD,1.302658,2013,3,Mar
113,114,2013-03-01,{'GBP': 0.866412},GBP,0.866412,2013,3,Mar
114,115,2013-03-01,{'JPY': 121.356333},JPY,121.356333,2013,3,Mar
115,116,2013-03-01,{'CNY': 8.12254},CNY,8.12254,2013,3,Mar
116,117,2014-03-01,{'USD': 1.380188},USD,1.380188,2014,3,Mar
117,118,2014-03-01,{'GBP': 0.824291},GBP,0.824291,2014,3,Mar
118,119,2014-03-01,{'JPY': 140.528667},JPY,140.528667,2014,3,Mar
119,120,2014-03-01,{'CNY': 8.477741},CNY,8.477741,2014,3,Mar
120,121,2005-04-01,{'USD': 1.291129},USD,1.291129,2005,4,Apr
121,122,2005-04-01,{'GBP': 0.685725},GBP,0.685725,2005,4,Apr
122,123,2005-04-01,{'JPY': 138.76957},JPY,138.76957,2005,4,Apr
123,124,2005-04-01,{'CNY': 10.684624},CNY,10.684624,2005,4,Apr
124,125,2006-04-01,{'USD': 1.210966},USD,1.210966,2006,4,Apr
125,126,2006-04-01,{'GBP': 0.697122},GBP,0.697122,2006,4,Apr
126,127,2006-04-01,{'JPY': 142.51852},JPY,142.51852,2006,4,Apr
127,128,2006-04-01,{'CNY': 9.708629},CNY,9.708629,2006,4,Apr
128,129,2007-04-01,{'USD': 1.333632},USD,1.333632,2007,4,Apr
129,130,2007-04-01,{'GBP': 0.679244},GBP,0.679244,2007,4,Apr
130,131,2007-04-01,{'JPY': 157.328059},JPY,157.328059,2007,4,Apr
131,132,2007-04-01,{'CNY': 10.309653},CNY,10.309653,2007,4,Apr
132,133,2008-04-01,{'USD': 1.561507},USD,1.561507,2008,4,Apr
133,134,2008-04-01,{'GBP': 0.788645},GBP,0.788645,2008,4,Apr
134,135,2008-04-01,{'JPY': 158.379894},JPY,158.379894,2008,4,Apr
135,136,2008-04-01,{'CNY': 10.949434},CNY,10.949434,2008,4,Apr
136,137,2009-04-01,{'USD': 1.324779},USD,1.324779,2009,4,Apr
137,138,2009-04-01,{'GBP': 0.920708},GBP,0.920708,2009,4,Apr
138,139,2009-04-01,{'JPY': 130.33253},JPY,130.33253,2009,4,Apr
139,140,2009-04-01,{'CNY': 9.054373},CNY,9.054373,2009,4,Apr
140,141,2010-04-01,{'USD': 1.355971},USD,1.355971,2010,4,Apr
141,142,2010-04-01,{'GBP': 0.888371},GBP,0.888371,2010,4,Apr
142,143,2010-04-01,{'JPY': 127.208379},JPY,127.208379,2010,4,Apr
143,144,2010-04-01,{'CNY': 9.257233},CNY,9.257233,2010,4,Apr
144,145,2011-04-01,{'USD': 1.420868},USD,1.420868,2011,4,Apr
145,146,2011-04-01,{'GBP': 0.883047},GBP,0.883047,2011,4,Apr
146,147,2011-04-01,{'JPY': 119.346254},JPY,119.346254,2011,4,Apr
147,148,2011-04-01,{'CNY': 9.303066},CNY,9.303066,2011,4,Apr
148,149,2012-04-01,{'USD': 1.333522},USD,1.333522,2012,4,Apr
149,150,2012-04-01,{'GBP': 0.837228},GBP,0.837228,2012,4,Apr
150,151,2012-04-01,{'JPY': 110.633746},JPY,110.633746,2012,4,Apr
151,152,2012-04-01,{'CNY': 8.40245},CNY,8.40245,2012,4,Apr
152,153,2013-04-01,{'USD': 1.28358},USD,1.28358,2013,4,Apr
153,154,2013-04-01,{'GBP': 0.843193},GBP,0.843193,2013,4,Apr
154,155,2013-04-01,{'JPY': 120.065678},JPY,120.065678,2013,4,Apr
155,156,2013-04-01,{'CNY': 7.982115},CNY,7.982115,2013,4,Apr
156,157,2014-04-01,{'USD': 1.379373},USD,1.379373,2014,4,Apr
157,158,2014-04-01,{'GBP': 0.829471},GBP,0.829471,2014,4,Apr
158,159,2014-04-01,{'JPY': 142.800845},JPY,142.800845,2014,4,Apr
159,160,2014-04-01,{'CNY': 8.551912},CNY,8.551912,2014,4,Apr
160,161,2005-05-01,{'USD': 1.291002},USD,1.291002,2005,5,May
161,162,2005-05-01,{'GBP': 0.676088},GBP,0.676088,2005,5,May
162,163,2005-05-01,{'JPY': 135.53561},JPY,135.53561,2005,5,May
163,164,2005-05-01,{'CNY': 10.68072},CNY,10.68072,2005,5,May
164,165,2006-05-01,{'USD': 1.259103},USD,1.259103,2006,5,May
165,166,2006-05-01,{'GBP': 0.690724},GBP,0.690724,2006,5,May
166,167,2006-05-01,{'JPY': 142.836986},JPY,142.836986,2006,5,May
167,168,2006-05-01,{'CNY': 10.093606},CNY,10.093606,2006,5,May
168,169,2007-05-01,{'USD': 1.360987},USD,1.360987,2007,5,May
169,170,2007-05-01,{'GBP': 0.68105},GBP,0.68105,2007,5,May
170,171,2007-05-01,{'JPY': 162.949599},JPY,162.949599,2007,5,May
171,172,2007-05-01,{'CNY': 10.488592},CNY,10.488592,2007,5,May
172,173,2008-05-01,{'USD': 1.547207},USD,1.547207,2008,5,May
173,174,2008-05-01,{'GBP': 0.784162},GBP,0.784162,2008,5,May
174,175,2008-05-01,{'JPY': 161.623606},JPY,161.623606,2008,5,May
175,176,2008-05-01,{'CNY': 10.812932},CNY,10.812932,2008,5,May
176,177,2009-05-01,{'USD': 1.326848},USD,1.326848,2009,5,May
177,178,2009-05-01,{'GBP': 0.8908},GBP,0.8908,2009,5,May
178,179,2009-05-01,{'JPY': 131.521292},JPY,131.521292,2009,5,May
179,180,2009-05-01,{'CNY': 9.049757},CNY,9.049757,2009,5,May
180,181,2010-05-01,{'USD': 1.330394},USD,1.330394,2010,5,May
181,182,2010-05-01,{'GBP': 0.870313},GBP,0.870313,2010,5,May
182,183,2010-05-01,{'JPY': 125.27154},JPY,125.27154,2010,5,May
183,184,2010-05-01,{'CNY': 9.083755},CNY,9.083755,2010,5,May
184,185,2011-05-01,{'USD': 1.483473},USD,1.483473,2011,5,May
185,186,2011-05-01,{'GBP': 0.889021},GBP,0.889021,2011,5,May
186,187,2011-05-01,{'JPY': 120.482267},JPY,120.482267,2011,5,May
187,188,2011-05-01,{'CNY': 9.629246},CNY,9.629246,2011,5,May
188,189,2012-05-01,{'USD': 1.322891},USD,1.322891,2012,5,May
189,190,2012-05-01,{'GBP': 0.815277},GBP,0.815277,2012,5,May
190,191,2012-05-01,{'JPY': 106.026527},JPY,106.026527,2012,5,May
191,192,2012-05-01,{'CNY': 8.332001},CNY,8.332001,2012,5,May
192,193,2013-05-01,{'USD': 1.318364},USD,1.318364,2013,5,May
193,194,2013-05-01,{'GBP': 0.847353},GBP,0.847353,2013,5,May
194,195,2013-05-01,{'JPY': 128.432707},JPY,128.432707,2013,5,May
195,196,2013-05-01,{'CNY': 8.14417},CNY,8.14417,2013,5,May
196,197,2014-05-01,{'USD': 1.386913},USD,1.386913,2014,5,May
197,198,2014-05-01,{'GBP': 0.821145},GBP,0.821145,2014,5,May
198,199,2014-05-01,{'JPY': 141.939126},JPY,141.939126,2014,5,May
199,200,2014-05-01,{'CNY': 8.655164},CNY,8.655164,2014,5,May
200,201,2005-06-01,{'USD': 1.221849},USD,1.221849,2005,6,June
201,202,2005-06-01,{'GBP': 0.674884},GBP,0.674884,2005,6,June
202,203,2005-06-01,{'JPY': 132.708552},JPY,132.708552,2005,6,June
203,204,2005-06-01,{'CNY': 10.111306},CNY,10.111306,2005,6,June
204,205,2006-06-01,{'USD': 1.279718},USD,1.279718,2006,6,June
205,206,2006-06-01,{'GBP': 0.686559},GBP,0.686559,2006,6,June
206,207,2006-06-01,{'JPY': 144.374549},JPY,144.374549,2006,6,June
207,208,2006-06-01,{'CNY': 10.26336},CNY,10.26336,2006,6,June
208,209,2007-06-01,{'USD': 1.344044},USD,1.344044,2007,6,June
209,210,2007-06-01,{'GBP': 0.678753},GBP,0.678753,2007,6,June
210,211,2007-06-01,{'JPY': 163.992174},JPY,163.992174,2007,6,June
211,212,2007-06-01,{'CNY': 10.278529},CNY,10.278529,2007,6,June
212,213,2008-06-01,{'USD': 1.553244},USD,1.553244,2008,6,June
213,214,2008-06-01,{'GBP': 0.785736},GBP,0.785736,2008,6,June
214,215,2008-06-01,{'JPY': 163.860693},JPY,163.860693,2008,6,June
215,216,2008-06-01,{'CNY': 10.784971},CNY,10.784971,2008,6,June
216,217,2009-06-01,{'USD': 1.418202},USD,1.418202,2009,6,June
217,218,2009-06-01,{'GBP': 0.863707},GBP,0.863707,2009,6,June
218,219,2009-06-01,{'JPY': 136.078968},JPY,136.078968,2009,6,June
219,220,2009-06-01,{'CNY': 9.682501},CNY,9.682501,2009,6,June
220,221,2010-06-01,{'USD': 1.222654},USD,1.222654,2010,6,June
221,222,2010-06-01,{'GBP': 0.836261},GBP,0.836261,2010,6,June
222,223,2010-06-01,{'JPY': 111.335013},JPY,111.335013,2010,6,June
223,224,2010-06-01,{'CNY': 8.349835},CNY,8.349835,2010,6,June
224,225,2011-06-01,{'USD': 1.438104},USD,1.438104,2011,6,June
225,226,2011-06-01,{'GBP': 0.877737},GBP,0.877737,2011,6,June
226,227,2011-06-01,{'JPY': 116.532646},JPY,116.532646,2011,6,June
227,228,2011-06-01,{'CNY': 9.316314},CNY,9.316314,2011,6,June
228,229,2012-06-01,{'USD': 1.240196},USD,1.240196,2012,6,June
229,230,2012-06-01,{'GBP': 0.808179},GBP,0.808179,2012,6,June
230,231,2012-06-01,{'JPY': 96.890636},JPY,96.890636,2012,6,June
231,232,2012-06-01,{'CNY': 7.899936},CNY,7.899936,2012,6,June
232,233,2013-06-01,{'USD': 1.299039},USD,1.299039,2013,6,June
233,234,2013-06-01,{'GBP': 0.854982},GBP,0.854982,2013,6,June
234,235,2013-06-01,{'JPY': 130.657673},JPY,130.657673,2013,6,June
235,236,2013-06-01,{'CNY': 7.983323},CNY,7.983323,2013,6,June
236,237,2014-06-01,{'USD': 1.362788},USD,1.362788,2014,6,June
237,238,2014-06-01,{'GBP': 0.81338},GBP,0.81338,2014,6,June
238,239,2014-06-01,{'JPY': 138.715165},JPY,138.715165,2014,6,June
239,240,2014-06-01,{'CNY': 8.492923},CNY,8.492923,2014,6,June
240,241,2005-07-01,{'USD': 1.197754},USD,1.197754,2005,7,July
241,242,2005-07-01,{'GBP': 0.675175},GBP,0.675175,2005,7,July
242,243,2005-07-01,{'JPY': 133.498486},JPY,133.498486,2005,7,July
243,244,2005-07-01,{'CNY': 9.911891},CNY,9.911891,2005,7,July
244,245,2006-07-01,{'USD': 1.275026},USD,1.275026,2006,7,July
245,246,2006-07-01,{'GBP': 0.691959},GBP,0.691959,2006,7,July
246,247,2006-07-01,{'JPY': 146.005502},JPY,146.005502,2006,7,July
247,248,2006-07-01,{'CNY': 10.192616},CNY,10.192616,2006,7,July
248,249,2007-07-01,{'USD': 1.352022},USD,1.352022,2007,7,July
249,250,2007-07-01,{'GBP': 0.674101},GBP,0.674101,2007,7,July
250,251,2007-07-01,{'JPY': 166.651212},JPY,166.651212,2007,7,July
251,252,2007-07-01,{'CNY': 10.293402},CNY,10.293402,2007,7,July
252,253,2008-07-01,{'USD': 1.578363},USD,1.578363,2008,7,July
253,254,2008-07-01,{'GBP': 0.791541},GBP,0.791541,2008,7,July
254,255,2008-07-01,{'JPY': 166.979745},JPY,166.979745,2008,7,July
255,256,2008-07-01,{'CNY': 10.825201},CNY,10.825201,2008,7,July
256,257,2009-07-01,{'USD': 1.415298},USD,1.415298,2009,7,July
257,258,2009-07-01,{'GBP': 0.858612},GBP,0.858612,2009,7,July
258,259,2009-07-01,{'JPY': 136.740352},JPY,136.740352,2009,7,July
259,260,2009-07-01,{'CNY': 9.670606},CNY,9.670606,2009,7,July
260,261,2010-07-01,{'USD': 1.245837},USD,1.245837,2010,7,July
261,262,2010-07-01,{'GBP': 0.825214},GBP,0.825214,2010,7,July
262,263,2010-07-01,{'JPY': 109.289835},JPY,109.289835,2010,7,July
263,264,2010-07-01,{'CNY': 8.448055},CNY,8.448055,2010,7,July
264,265,2011-07-01,{'USD': 1.451223},USD,1.451223,2011,7,July
265,266,2011-07-01,{'GBP': 0.904289},GBP,0.904289,2011,7,July
266,267,2011-07-01,{'JPY': 117.209226},JPY,117.209226,2011,7,July
267,268,2011-07-01,{'CNY': 9.382664},CNY,9.382664,2011,7,July
268,269,2012-07-01,{'USD': 1.26272},USD,1.26272,2012,7,July
269,270,2012-07-01,{'GBP': 0.806768},GBP,0.806768,2012,7,July
270,271,2012-07-01,{'JPY': 100.629008},JPY,100.629008,2012,7,July
271,272,2012-07-01,{'CNY': 8.017342},CNY,8.017342,2012,7,July
272,273,2013-07-01,{'USD': 1.305805},USD,1.305805,2013,7,July
273,274,2013-07-01,{'GBP': 0.857983},GBP,0.857983,2013,7,July
274,275,2013-07-01,{'JPY': 129.984259},JPY,129.984259,2013,7,July
275,276,2013-07-01,{'CNY': 8.021346},CNY,8.021346,2013,7,July
276,277,2014-07-01,{'USD': 1.367914},USD,1.367914,2014,7,July
277,278,2014-07-01,{'GBP': 0.797628},GBP,0.797628,2014,7,July
278,279,2014-07-01,{'JPY': 138.847122},JPY,138.847122,2014,7,July
279,280,2014-07-01,{'CNY': 8.46881},CNY,8.46881,2014,7,July
280,281,2005-08-01,{'USD': 1.220408},USD,1.220408,2005,8,August
281,282,2005-08-01,{'GBP': 0.689882},GBP,0.689882,2005,8,August
282,283,2005-08-01,{'JPY': 136.702633},JPY,136.702633,2005,8,August
283,284,2005-08-01,{'CNY': 9.890915},CNY,9.890915,2005,8,August
284,285,2006-08-01,{'USD': 1.279399},USD,1.279399,2006,8,August
285,286,2006-08-01,{'GBP': 0.683785},GBP,0.683785,2006,8,August
286,287,2006-08-01,{'JPY': 146.778398},JPY,146.778398,2006,8,August
287,288,2006-08-01,{'CNY': 10.200994},CNY,10.200994,2006,8,August
288,289,2007-08-01,{'USD': 1.366542},USD,1.366542,2007,8,August
289,290,2007-08-01,{'GBP': 0.673936},GBP,0.673936,2007,8,August
290,291,2007-08-01,{'JPY': 162.023942},JPY,162.023942,2007,8,August
291,292,2007-08-01,{'CNY': 10.343613},CNY,10.343613,2007,8,August
292,293,2008-08-01,{'USD': 1.555585},USD,1.555585,2008,8,August
293,294,2008-08-01,{'GBP': 0.787646},GBP,0.787646,2008,8,August
294,295,2008-08-01,{'JPY': 167.376072},JPY,167.376072,2008,8,August
295,296,2008-08-01,{'CNY': 10.645148},CNY,10.645148,2008,8,August
296,297,2009-08-01,{'USD': 1.419432},USD,1.419432,2009,8,August
297,298,2009-08-01,{'GBP': 0.854837},GBP,0.854837,2009,8,August
298,299,2009-08-01,{'JPY': 135.206239},JPY,135.206239,2009,8,August
299,300,2009-08-01,{'CNY': 9.696947},CNY,9.696947,2009,8,August
300,301,2010-08-01,{'USD': 1.30397},USD,1.30397,2010,8,August
301,302,2010-08-01,{'GBP': 0.83351},GBP,0.83351,2010,8,August
302,303,2010-08-01,{'JPY': 112.736245},JPY,112.736245,2010,8,August
303,304,2010-08-01,{'CNY': 8.838322},CNY,8.838322,2010,8,August
304,305,2011-08-01,{'USD': 1.426766},USD,1.426766,2011,8,August
305,306,2011-08-01,{'GBP': 0.873694},GBP,0.873694,2011,8,August
306,307,2011-08-01,{'JPY': 109.752676},JPY,109.752676,2011,8,August
307,308,2011-08-01,{'CNY': 9.180731},CNY,9.180731,2011,8,August
308,309,2012-08-01,{'USD': 1.226112},USD,1.226112,2012,8,August
309,310,2012-08-01,{'GBP': 0.786924},GBP,0.786924,2012,8,August
310,311,2012-08-01,{'JPY': 96.019314},JPY,96.019314,2012,8,August
311,312,2012-08-01,{'CNY': 7.808773},CNY,7.808773,2012,8,August
312,313,2013-08-01,{'USD': 1.321978},USD,1.321978,2013,8,August
313,314,2013-08-01,{'GBP': 0.873284},GBP,0.873284,2013,8,August
314,315,2013-08-01,{'JPY': 130.912525},JPY,130.912525,2013,8,August
315,316,2013-08-01,{'CNY': 8.118407},CNY,8.118407,2013,8,August
316,317,2014-08-01,{'USD': 1.342868},USD,1.342868,2014,8,August
317,318,2014-08-01,{'GBP': 0.798287},GBP,0.798287,2014,8,August
318,319,2014-08-01,{'JPY': 137.84671},JPY,137.84671,2014,8,August
319,320,2014-08-01,{'CNY': 8.297014},CNY,8.297014,2014,8,August
320,321,2005-09-01,{'USD': 1.24598},USD,1.24598,2005,9,Sept
321,322,2005-09-01,{'GBP': 0.683036},GBP,0.683036,2005,9,Sept
322,323,2005-09-01,{'JPY': 137.28671},JPY,137.28671,2005,9,Sept
323,324,2005-09-01,{'CNY': 10.086105},CNY,10.086105,2005,9,Sept
324,325,2006-09-01,{'USD': 1.283005},USD,1.283005,2006,9,Sept
325,326,2006-09-01,{'GBP': 0.673462},GBP,0.673462,2006,9,Sept
326,327,2006-09-01,{'JPY': 150.347902},JPY,150.347902,2006,9,Sept
327,328,2006-09-01,{'CNY': 10.205017},CNY,10.205017,2006,9,Sept
328,329,2007-09-01,{'USD': 1.366436},USD,1.366436,2007,9,Sept
329,330,2007-09-01,{'GBP': 0.676778},GBP,0.676778,2007,9,Sept
330,331,2007-09-01,{'JPY': 158.510796},JPY,158.510796,2007,9,Sept
331,332,2007-09-01,{'CNY': 10.309746},CNY,10.309746,2007,9,Sept
332,333,2008-09-01,{'USD': 1.462553},USD,1.462553,2008,9,Sept
333,334,2008-09-01,{'GBP': 0.810202},GBP,0.810202,2008,9,Sept
334,335,2008-09-01,{'JPY': 158.143554},JPY,158.143554,2008,9,Sept
335,336,2008-09-01,{'CNY': 9.988058},CNY,9.988058,2008,9,Sept
336,337,2009-09-01,{'USD': 1.4237},USD,1.4237,2009,9,Sept
337,338,2009-09-01,{'GBP': 0.879273},GBP,0.879273,2009,9,Sept
338,339,2009-09-01,{'JPY': 132.45878},JPY,132.45878,2009,9,Sept
339,340,2009-09-01,{'CNY': 9.724034},CNY,9.724034,2009,9,Sept
340,341,2010-09-01,{'USD': 1.280557},USD,1.280557,2010,9,Sept
341,342,2010-09-01,{'GBP': 0.829463},GBP,0.829463,2010,9,Sept
342,343,2010-09-01,{'JPY': 107.950853},JPY,107.950853,2010,9,Sept
343,344,2010-09-01,{'CNY': 8.721855},CNY,8.721855,2010,9,Sept
344,345,2011-09-01,{'USD': 1.427489},USD,1.427489,2011,9,Sept
345,346,2011-09-01,{'GBP': 0.881693},GBP,0.881693,2011,9,Sept
346,347,2011-09-01,{'JPY': 109.807116},JPY,109.807116,2011,9,Sept
347,348,2011-09-01,{'CNY': 9.109004},CNY,9.109004,2011,9,Sept
348,349,2012-09-01,{'USD': 1.257741},USD,1.257741,2012,9,Sept
349,350,2012-09-01,{'GBP': 0.792475},GBP,0.792475,2012,9,Sept
350,351,2012-09-01,{'JPY': 98.567339},JPY,98.567339,2012,9,Sept
351,352,2012-09-01,{'CNY': 7.985897},CNY,7.985897,2012,9,Sept
352,353,2013-09-01,{'USD': 1.321002},USD,1.321002,2013,9,Sept
353,354,2013-09-01,{'GBP': 0.851758},GBP,0.851758,2013,9,Sept
354,355,2013-09-01,{'JPY': 129.832274},JPY,129.832274,2013,9,Sept
355,356,2013-09-01,{'CNY': 8.094186},CNY,8.094186,2013,9,Sept
356,357,2014-09-01,{'USD': 1.312927},USD,1.312927,2014,9,Sept
357,358,2014-09-01,{'GBP': 0.790414},GBP,0.790414,2014,9,Sept
358,359,2014-09-01,{'JPY': 136.914517},JPY,136.914517,2014,9,Sept
359,360,2014-09-01,{'CNY': 8.070084},CNY,8.070084,2014,9,Sept
360,361,2005-10-01,{'USD': 1.202987},USD,1.202987,2005,10,Oct
361,362,2005-10-01,{'GBP': 0.681739},GBP,0.681739,2005,10,Oct
362,363,2005-10-01,{'JPY': 136.384649},JPY,136.384649,2005,10,Oct
363,364,2005-10-01,{'CNY': 9.73458},CNY,9.73458,2005,10,Oct
364,365,2006-10-01,{'USD': 1.266873},USD,1.266873,2006,10,Oct
365,366,2006-10-01,{'GBP': 0.677656},GBP,0.677656,2006,10,Oct
366,367,2006-10-01,{'JPY': 149.533902},JPY,149.533902,2006,10,Oct
367,368,2006-10-01,{'CNY': 10.015524},CNY,10.015524,2006,10,Oct
368,369,2007-10-01,{'USD': 1.423415},USD,1.423415,2007,10,Oct
369,370,2007-10-01,{'GBP': 0.696816},GBP,0.696816,2007,10,Oct
370,371,2007-10-01,{'JPY': 164.836642},JPY,164.836642,2007,10,Oct
371,372,2007-10-01,{'CNY': 10.689711},CNY,10.689711,2007,10,Oct
372,373,2008-10-01,{'USD': 1.406228},USD,1.406228,2008,10,Oct
373,374,2008-10-01,{'GBP': 0.791148},GBP,0.791148,2008,10,Oct
374,375,2008-10-01,{'JPY': 149.099478},JPY,149.099478,2008,10,Oct
375,376,2008-10-01,{'CNY': 9.630476},CNY,9.630476,2008,10,Oct
376,377,2009-10-01,{'USD': 1.453066},USD,1.453066,2009,10,Oct
377,378,2009-10-01,{'GBP': 0.910946},GBP,0.910946,2009,10,Oct
378,379,2009-10-01,{'JPY': 130.513647},JPY,130.513647,2009,10,Oct
379,380,2009-10-01,{'CNY': 9.920078},CNY,9.920078,2009,10,Oct
380,381,2010-10-01,{'USD': 1.376356},USD,1.376356,2010,10,Oct
381,382,2010-10-01,{'GBP': 0.869684},GBP,0.869684,2010,10,Oct
382,383,2010-10-01,{'JPY': 114.599886},JPY,114.599886,2010,10,Oct
383,384,2010-10-01,{'CNY': 9.209662},CNY,9.209662,2010,10,Oct
384,385,2011-10-01,{'USD': 1.344496},USD,1.344496,2011,10,Oct
385,386,2011-10-01,{'GBP': 0.862817},GBP,0.862817,2011,10,Oct
386,387,2011-10-01,{'JPY': 103.467013},JPY,103.467013,2011,10,Oct
387,388,2011-10-01,{'CNY': 8.584162},CNY,8.584162,2011,10,Oct
388,389,2012-10-01,{'USD': 1.288902},USD,1.288902,2012,10,Oct
389,390,2012-10-01,{'GBP': 0.798945},GBP,0.798945,2012,10,Oct
390,391,2012-10-01,{'JPY': 100.533317},JPY,100.533317,2012,10,Oct
391,392,2012-10-01,{'CNY': 8.100252},CNY,8.100252,2012,10,Oct
392,393,2013-10-01,{'USD': 1.352404},USD,1.352404,2013,10,Oct
393,394,2013-10-01,{'GBP': 0.836301},GBP,0.836301,2013,10,Oct
394,395,2013-10-01,{'JPY': 132.657451},JPY,132.657451,2013,10,Oct
395,396,2013-10-01,{'CNY': 8.283874},CNY,8.283874,2013,10,Oct
396,397,2014-10-01,{'USD': 1.261914},USD,1.261914,2014,10,Oct
397,398,2014-10-01,{'GBP': 0.779637},GBP,0.779637,2014,10,Oct
398,399,2014-10-01,{'JPY': 137.744229},JPY,137.744229,2014,10,Oct
399,400,2014-10-01,{'CNY': 7.750468},CNY,7.750468,2014,10,Oct
400,401,2005-11-01,{'USD': 1.200047},USD,1.200047,2005,11,Nov
401,402,2005-11-01,{'GBP': 0.679856},GBP,0.679856,2005,11,Nov
402,403,2005-11-01,{'JPY': 139.956581},JPY,139.956581,2005,11,Nov
403,404,2005-11-01,{'CNY': 9.703592},CNY,9.703592,2005,11,Nov
404,405,2006-11-01,{'USD': 1.276621},USD,1.276621,2006,11,Nov
405,406,2006-11-01,{'GBP': 0.668703},GBP,0.668703,2006,11,Nov
406,407,2006-11-01,{'JPY': 149.35361},JPY,149.35361,2006,11,Nov
407,408,2006-11-01,{'CNY': 10.049634},CNY,10.049634,2006,11,Nov
408,409,2007-11-01,{'USD': 1.444569},USD,1.444569,2007,11,Nov
409,410,2007-11-01,{'GBP': 0.693465},GBP,0.693465,2007,11,Nov
410,411,2007-11-01,{'JPY': 166.183427},JPY,166.183427,2007,11,Nov
411,412,2007-11-01,{'CNY': 10.770572},CNY,10.770572,2007,11,Nov
412,413,2008-11-01,{'USD': 1.275767},USD,1.275767,2008,11,Nov
413,414,2008-11-01,{'GBP': 0.78864},GBP,0.78864,2008,11,Nov
414,415,2008-11-01,{'JPY': 125.445628},JPY,125.445628,2008,11,Nov
415,416,2008-11-01,{'CNY': 8.728507},CNY,8.728507,2008,11,Nov
416,417,2009-11-01,{'USD': 1.476477},USD,1.476477,2009,11,Nov
417,418,2009-11-01,{'GBP': 0.894661},GBP,0.894661,2009,11,Nov
418,419,2009-11-01,{'JPY': 133.593904},JPY,133.593904,2009,11,Nov
419,420,2009-11-01,{'CNY': 10.083229},CNY,10.083229,2009,11,Nov
420,421,2010-11-01,{'USD': 1.38923},USD,1.38923,2010,11,Nov
421,422,2010-11-01,{'GBP': 0.86555},GBP,0.86555,2010,11,Nov
422,423,2010-11-01,{'JPY': 111.874502},JPY,111.874502,2010,11,Nov
423,424,2010-11-01,{'CNY': 9.304239},CNY,9.304239,2010,11,Nov
424,425,2011-11-01,{'USD': 1.36729},USD,1.36729,2011,11,Nov
425,426,2011-11-01,{'GBP': 0.857787},GBP,0.857787,2011,11,Nov
426,427,2011-11-01,{'JPY': 107.032892},JPY,107.032892,2011,11,Nov
427,428,2011-11-01,{'CNY': 8.68933},CNY,8.68933,2011,11,Nov
428,429,2012-11-01,{'USD': 1.294038},USD,1.294038,2012,11,Nov
429,430,2012-11-01,{'GBP': 0.8018},GBP,0.8018,2012,11,Nov
430,431,2012-11-01,{'JPY': 103.645126},JPY,103.645126,2012,11,Nov
431,432,2012-11-01,{'CNY': 8.07933},CNY,8.07933,2012,11,Nov
432,433,2013-11-01,{'USD': 1.354335},USD,1.354335,2013,11,Nov
433,434,2013-11-01,{'GBP': 0.849537},GBP,0.849537,2013,11,Nov
434,435,2013-11-01,{'JPY': 133.490013},JPY,133.490013,2013,11,Nov
435,436,2013-11-01,{'CNY': 8.266018},CNY,8.266018,2013,11,Nov
436,437,2014-11-01,{'USD': 1.252477},USD,1.252477,2014,11,Nov
437,438,2014-11-01,{'GBP': 0.782946},GBP,0.782946,2014,11,Nov
438,439,2014-11-01,{'JPY': 140.339146},JPY,140.339146,2014,11,Nov
439,440,2014-11-01,{'CNY': 7.662642},CNY,7.662642,2014,11,Nov
440,441,2005-12-01,{'USD': 1.17252},USD,1.17252,2005,12,Dec
441,442,2005-12-01,{'GBP': 0.678074},GBP,0.678074,2005,12,Dec
442,443,2005-12-01,{'JPY': 141.230889},JPY,141.230889,2005,12,Dec
443,444,2005-12-01,{'CNY': 9.474046},CNY,9.474046,2005,12,Dec
444,445,2006-12-01,{'USD': 1.331278},USD,1.331278,2006,12,Dec
445,446,2006-12-01,{'GBP': 0.673866},GBP,0.673866,2006,12,Dec
446,447,2006-12-01,{'JPY': 153.927299},JPY,153.927299,2006,12,Dec
447,448,2006-12-01,{'CNY': 10.430784},CNY,10.430784,2006,12,Dec
448,449,2007-12-01,{'USD': 1.469873},USD,1.469873,2007,12,Dec
449,450,2007-12-01,{'GBP': 0.713094},GBP,0.713094,2007,12,Dec
450,451,2007-12-01,{'JPY': 163.057094},JPY,163.057094,2007,12,Dec
451,452,2007-12-01,{'CNY': 10.878142},CNY,10.878142,2007,12,Dec
452,453,2008-12-01,{'USD': 1.26484},USD,1.26484,2008,12,Dec
453,454,2008-12-01,{'GBP': 0.847792},GBP,0.847792,2008,12,Dec
454,455,2008-12-01,{'JPY': 118.466521},JPY,118.466521,2008,12,Dec
455,456,2008-12-01,{'CNY': 8.708866},CNY,8.708866,2008,12,Dec
456,457,2009-12-01,{'USD': 1.50901},USD,1.50901,2009,12,Dec
457,458,2009-12-01,{'GBP': 0.908811},GBP,0.908811,2009,12,Dec
458,459,2009-12-01,{'JPY': 130.906873},JPY,130.906873,2009,12,Dec
459,460,2009-12-01,{'CNY': 10.30251},CNY,10.30251,2009,12,Dec
460,461,2010-12-01,{'USD': 1.31355},USD,1.31355,2010,12,Dec
461,462,2010-12-01,{'GBP': 0.840966},GBP,0.840966,2010,12,Dec
462,463,2010-12-01,{'JPY': 110.49819},JPY,110.49819,2010,12,Dec
463,464,2010-12-01,{'CNY': 8.752748},CNY,8.752748,2010,12,Dec
464,465,2011-12-01,{'USD': 1.347397},USD,1.347397,2011,12,Dec
465,466,2011-12-01,{'GBP': 0.858447},GBP,0.858447,2011,12,Dec
466,467,2011-12-01,{'JPY': 104.659436},JPY,104.659436,2011,12,Dec
467,468,2011-12-01,{'CNY': 8.577905},CNY,8.577905,2011,12,Dec
468,469,2012-12-01,{'USD': 1.298858},USD,1.298858,2012,12,Dec
469,470,2012-12-01,{'GBP': 0.810988},GBP,0.810988,2012,12,Dec
470,471,2012-12-01,{'JPY': 107.017645},JPY,107.017645,2012,12,Dec
471,472,2012-12-01,{'CNY': 8.101238},CNY,8.101238,2012,12,Dec
472,473,2013-12-01,{'USD': 1.359019},USD,1.359019,2013,12,Dec
473,474,2013-12-01,{'GBP': 0.829977},GBP,0.829977,2013,12,Dec
474,475,2013-12-01,{'JPY': 139.254578},JPY,139.254578,2013,12,Dec
475,476,2013-12-01,{'CNY': 8.290846},CNY,8.290846,2013,12,Dec
476,477,2014-12-01,{'USD': 1.247301},USD,1.247301,2014,12,Dec
477,478,2014-12-01,{'GBP': 0.792686},GBP,0.792686,2014,12,Dec
478,479,2014-12-01,{'JPY': 147.651021},JPY,147.651021,2014,12,Dec
479,480,2014-12-01,{'CNY': 7.668639},CNY,7.668639,2014,12,Dec
