Country Name,Country Code,Indicator Name,2005,2006,2007,2008,2009,2010,2011,2012,2013,2014,2015
Aruba,ABW,"Unemployment, total (% of total labor force) (modeled ILO estimate)",,,,,,,,,,,
Afghanistan,AFG,"Unemployment, total (% of total labor force) (modeled ILO estimate)",2.941999912,2.825000048,2.128000021,2.493999958,2.470000029,2.275000095,1.983999968,1.692000031,1.725000024,1.735000014,1.67900002
Angola,AGO,"Unemployment, total (% of total labor force) (modeled ILO estimate)",20.53199959,17.67399979,14.63300037,12.04399967,10.60900021,9.088999748,7.361999989,7.359000206,7.453999996,7.428999901,7.278999805
Albania,ALB,"Unemployment, total (% of total labor force) (modeled ILO estimate)",16.87400055,16.3939991,15.9659996,13.06000042,13.67399979,14.08600044,13.48099995,13.3760004,15.86600018,17.48999977,17.07999992
Andorra,AND,"Unemployment, total (% of total labor force) (modeled ILO estimate)",,,,,,,,,,,
Arab World,ARB,"Unemployment, total (% of total labor force) (modeled ILO estimate)",11.26562394,10.37505761,9.846245217,9.471167532,9.257483615,9.176461676,10.03192862,10.22665287,10.21181972,10.21067465,10.21207755
United Arab Emirates,ARE,"Unemployment, total (% of total labor force) (modeled ILO estimate)",3.119999886,2.773000002,2.467000008,2.332999945,2.698999882,2.663000107,2.493999958,2.40899992,2.292000055,2.061000109,1.835999966
Argentina,ARG,"Unemployment, total (% of total labor force) (modeled ILO estimate)",11.50599957,10.07699966,8.470000267,7.836999893,8.645000458,7.714000225,7.178999901,7.217000008,7.099999905,7.268000126,7.643000126
Armenia,ARM,"Unemployment, total (% of total labor force) (modeled ILO estimate)",10.80000019,10.28100014,9.812000275,16.36800003,18.73999977,19.00799942,18.44300079,17.30999947,16.17900085,17.49799919,18.26099968
American Samoa,ASM,"Unemployment, total (% of total labor force) (modeled ILO estimate)",,,,,,,,,,,
Antigua and Barbuda,ATG,"Unemployment, total (% of total labor force) (modeled ILO estimate)",,,,,,,,,,,
Australia,AUS,"Unemployment, total (% of total labor force) (modeled ILO estimate)",5.032000065,4.782000065,4.376999855,4.234000206,5.56099987,5.210999966,5.080999851,5.223999977,5.663000107,6.078000069,6.056000233
Austria,AUT,"Unemployment, total (% of total labor force) (modeled ILO estimate)",5.627999783,5.243000031,4.857999802,4.127999783,5.301000118,4.820000172,4.56400013,4.864999771,5.335000038,5.619999886,5.72300005
Azerbaijan,AZE,"Unemployment, total (% of total labor force) (modeled ILO estimate)",7.300000191,6.619999886,6.539999962,6.050000191,5.739999771,5.630000114,5.420000076,5.190000057,4.96999979,4.909999847,4.960000038
Burundi,BDI,"Unemployment, total (% of total labor force) (modeled ILO estimate)",1.947999954,1.799999952,1.639999986,1.633999944,1.794999957,1.799999952,1.766000032,1.712000012,1.674000025,1.570000052,1.592000008
Belgium,BEL,"Unemployment, total (% of total labor force) (modeled ILO estimate)",8.43999958,8.24600029,7.458000183,6.975999832,7.907999992,8.291999817,7.139999866,7.541999817,8.425000191,8.522999763,8.482000351
Benin,BEN,"Unemployment, total (% of total labor force) (modeled ILO estimate)",0.805000007,0.782999992,0.731999993,0.787999988,0.967000008,1.039999962,2.645999908,2.734999895,2.665999889,2.540999889,2.463000059
Burkina Faso,BFA,"Unemployment, total (% of total labor force) (modeled ILO estimate)",4,3.698999882,3.299999952,3.594000101,4.396999836,4.90899992,5.293000221,5.809000015,6.277999878,6.479000092,6.703999996
Bangladesh,BGD,"Unemployment, total (% of total labor force) (modeled ILO estimate)",4.25,3.59100008,3.767999887,4.077000141,5,3.378999949,3.717999935,4.047999859,4.426000118,4.410999775,4.415999889
Bulgaria,BGR,"Unemployment, total (% of total labor force) (modeled ILO estimate)",10.08300018,8.951000214,6.877999783,5.609000206,6.816999912,10.27900028,11.26000023,12.27000046,12.94099998,11.42399979,9.142999649
Bahrain,BHR,"Unemployment, total (% of total labor force) (modeled ILO estimate)",0.986000001,0.904999971,0.838,0.834999979,1.069000006,1.129999995,1.139999986,1.200000048,1.215999961,1.149000049,1.075999975
"Bahamas, The",BHS,"Unemployment, total (% of total labor force) (modeled ILO estimate)",10.19999981,7.539999962,7.880000114,8.180000305,14.25,14.53999996,14.52000046,14.02000046,16.18000031,13.80000019,12
Bosnia and Herzegovina,BIH,"Unemployment, total (% of total labor force) (modeled ILO estimate)",30.48999977,31.11000061,28.98399925,23.40500069,24.06800079,27.31200027,27.58200073,28.01000023,27.45000076,27.5170002,27.64999962
Belarus,BLR,"Unemployment, total (% of total labor force) (modeled ILO estimate)",8.534999847,7.605000019,6.781000137,6.122000217,6.099999905,6.06099987,6.074999809,6.038000107,5.934999943,5.893000126,5.913000107
Belize,BLZ,"Unemployment, total (% of total labor force) (modeled ILO estimate)",10.90999985,9.390000343,8.510000229,8.180000305,10.11499977,11.6590004,12.75800037,14.27000046,11.69999981,11.56999969,9.970000267
Bermuda,BMU,"Unemployment, total (% of total labor force) (modeled ILO estimate)",,,,,,,,,,,
Bolivia,BOL,"Unemployment, total (% of total labor force) (modeled ILO estimate)",3.256000042,2.987999916,2.72300005,2.602999926,2.862999916,2.576999903,2.219000101,2.048000097,2.394000053,2.006999969,3.065999985
Brazil,BRA,"Unemployment, total (% of total labor force) (modeled ILO estimate)",9.56799984,8.638999939,8.326999664,7.342999935,8.522000313,7.725999832,6.916999817,7.19299984,6.985000134,6.670000076,8.437000275
Barbados,BRB,"Unemployment, total (% of total labor force) (modeled ILO estimate)",9.079999924,8.729999542,7.409999847,8.119999886,10.02000046,10.68999958,11.18999958,11.59000015,11.55000019,12.17000008,11.35000038
Brunei Darussalam,BRN,"Unemployment, total (% of total labor force) (modeled ILO estimate)",5.868999958,5.743000031,5.624000072,5.697000027,6.423999786,6.657999992,6.71999979,6.896999836,7.028999805,6.965000153,7.756000042
Bhutan,BTN,"Unemployment, total (% of total labor force) (modeled ILO estimate)",3.099999905,3.130000114,3.700000048,3.46600008,3.960000038,3.319999933,3.230000019,2.049999952,2.869999886,2.630000114,2.450000048
Botswana,BWA,"Unemployment, total (% of total labor force) (modeled ILO estimate)",19.83200073,17.79999924,16.62899971,15.93000031,16.16900063,17.86000061,17.77000046,17.91300011,18.2859993,18.22299957,17.95599937
Central African Republic,CAF,"Unemployment, total (% of total labor force) (modeled ILO estimate)",7.329999924,6.959000111,6.605999947,6.388999939,6.872000217,6.926000118,7.001999855,6.918000221,6.894999981,6.901000023,6.754000187
Canada,CAN,"Unemployment, total (% of total labor force) (modeled ILO estimate)",6.757999897,6.320000172,6.035999775,6.137000084,8.343999863,8.055999756,7.511000156,7.291999817,7.073999882,6.914000034,6.906000137
Central Europe and the Baltics,CEB,"Unemployment, total (% of total labor force) (modeled ILO estimate)",12.05441535,10.10462335,7.80861418,6.604396453,8.4881597,9.899751356,9.789602392,9.978760754,10.04648544,8.952362681,7.817327597
Switzerland,CHE,"Unemployment, total (% of total labor force) (modeled ILO estimate)",4.436999798,4,3.65199995,3.349999905,4.116000175,4.80700016,4.407999992,4.485000134,4.747000217,4.826000214,4.801000118
Channel Islands,CHI,"Unemployment, total (% of total labor force) (modeled ILO estimate)",7.636000156,7.355999947,7.092000008,7.078999996,7.895999908,8.076000214,8.038000107,8.138999939,8.18500042,7.993000031,7.77699995
Chile,CHL,"Unemployment, total (% of total labor force) (modeled ILO estimate)",9.340000153,9.024000168,8.427000046,9.284999847,11.31299973,8.423999786,7.343999863,6.65899992,6.214000225,6.664999962,6.507999897
China,CHN,"Unemployment, total (% of total labor force) (modeled ILO estimate)",4.5,4.400000095,4.300000191,4.599999905,4.699999809,4.5,4.5,4.599999905,4.599999905,4.599999905,4.599999905
Cote d'Ivoire,CIV,"Unemployment, total (% of total labor force) (modeled ILO estimate)",5.671999931,5.693999767,5.56099987,5.607999802,6.493000031,6.75,7.291999817,7.22300005,4.254000187,3.660000086,3.112999916
Cameroon,CMR,"Unemployment, total (% of total labor force) (modeled ILO estimate)",4.400000095,3.670000076,3.062999964,3.108999968,3.693000078,4.110000134,3.993000031,3.845000029,3.742000103,3.53399992,3.539000034
"Congo, Dem. Rep.",COD,"Unemployment, total (% of total labor force) (modeled ILO estimate)",2.848999977,2.904000044,2.983999968,3.170000076,3.66899991,3.946000099,4.297999859,4.485000134,4.429999828,4.160999775,4.173999786
"Congo, Rep.",COG,"Unemployment, total (% of total labor force) (modeled ILO estimate)",19.79599953,18.23600006,16.44199944,16.11100006,16.10000038,14.14900017,11.96000004,10,10.02900028,9.576000214,9.758999825
Colombia,COL,"Unemployment, total (% of total labor force) (modeled ILO estimate)",11.86999989,11.50699997,11.20400047,11.27299976,12.06599998,10.98400021,10.11100006,9.739999771,9.052000046,8.57199955,8.298999786
Comoros,COM,"Unemployment, total (% of total labor force) (modeled ILO estimate)",4.482999802,4.197999954,3.924000025,3.786000013,4.197000027,4.230999947,4.249000072,4.198999882,4.150000095,4.074999809,3.99000001
Cabo Verde,CPV,"Unemployment, total (% of total labor force) (modeled ILO estimate)",11.23400021,10.96500015,10.10599995,9.961000443,10.64000034,10.67000008,10.97599983,11.60200024,12.11200047,11.99300003,12.11400032
Costa Rica,CRI,"Unemployment, total (% of total labor force) (modeled ILO estimate)",6.571000099,5.739999771,4.489999771,4.781000137,7.712999821,7.171000004,10.13899994,9.784000397,8.767999649,9.059000015,8.998999596
Caribbean small states,CSS,"Unemployment, total (% of total labor force) (modeled ILO estimate)",9.547825592,8.746980109,8.247696751,8.496131514,9.850974746,10.44484255,10.66062658,11.34100282,11.7641328,10.99975138,10.76891896
Cuba,CUB,"Unemployment, total (% of total labor force) (modeled ILO estimate)",1.950000048,1.912999988,1.787999988,1.582999945,1.669999957,2.5,3.180000067,3.460000038,3.289999962,2.700000048,2.400000095
Curacao,CUW,"Unemployment, total (% of total labor force) (modeled ILO estimate)",,,,,,,,,,,
Cayman Islands,CYM,"Unemployment, total (% of total labor force) (modeled ILO estimate)",,,,,,,,,,,
Cyprus,CYP,"Unemployment, total (% of total labor force) (modeled ILO estimate)",5.303999901,4.543000221,3.921999931,3.654999971,5.363999844,6.263000011,7.855999947,11.79500008,15.87100029,16.08799934,14.90799999
Czech Republic,CZE,"Unemployment, total (% of total labor force) (modeled ILO estimate)",7.927000046,7.147999763,5.320000172,4.392000198,6.662000179,7.278999805,6.710999966,6.978000164,6.953000069,6.107999802,5.046000004
Germany,DEU,"Unemployment, total (% of total labor force) (modeled ILO estimate)",11.16699982,10.25,8.657999992,7.524000168,7.742000103,6.96600008,5.823999882,5.379000187,5.230999947,4.980999947,4.624000072
Djibouti,DJI,"Unemployment, total (% of total labor force) (modeled ILO estimate)",12.69699955,11.7840004,11.02900028,10.77900028,11.71700001,12.47700024,12.41800022,12.28899956,11.72599983,11.74499989,11.09399986
Dominica,DMA,"Unemployment, total (% of total labor force) (modeled ILO estimate)",,,,,,,,,,,
Denmark,DNK,"Unemployment, total (% of total labor force) (modeled ILO estimate)",4.829999924,3.897000074,3.801000118,3.434000015,6.006999969,7.464000225,7.572999954,7.526000023,6.997000217,6.589000225,6.168000221
Dominican Republic,DOM,"Unemployment, total (% of total labor force) (modeled ILO estimate)",6.586999893,5.65500021,5.157999992,4.763999939,5.467000008,5.211999893,6.086999893,6.722000122,7.352000237,6.718999863,7.605000019
Algeria,DZA,"Unemployment, total (% of total labor force) (modeled ILO estimate)",15.27000046,12.27000046,13.78999996,11.32999992,10.15999985,9.960000038,9.960000038,10.97000027,9.819999695,10.20699978,11.20600033
East Asia & Pacific (excluding high income),EAP,"Unemployment, total (% of total labor force) (modeled ILO estimate)",4.470494266,4.351110959,4.304076924,4.456242425,4.395529368,4.144057157,4.082022402,4.070454687,4.063485389,4.03207892,4.091427108
Early-demographic dividend,EAR,"Unemployment, total (% of total labor force) (modeled ILO estimate)",5.213021385,4.778372185,4.530360948,4.323181979,4.61700569,4.450215984,4.438750735,4.48140557,4.603195291,4.510154073,4.656637433
East Asia & Pacific,EAS,"Unemployment, total (% of total labor force) (modeled ILO estimate)",4.458699981,4.321497976,4.254026654,4.396629199,4.454440997,4.215044251,4.108580954,4.08161867,4.060260684,4.019364474,4.061982121
Europe & Central Asia (excluding high income),ECA,"Unemployment, total (% of total labor force) (modeled ILO estimate)",8.591850061,8.092871424,7.288936382,7.286292849,8.996582604,8.406248334,7.800821872,7.207280825,7.234515832,7.417088568,7.542561916
Europe & Central Asia,ECS,"Unemployment, total (% of total labor force) (modeled ILO estimate)",8.722140813,8.06932202,7.149017819,7.071311856,8.900835141,8.991802811,8.752373978,8.960756565,9.189919368,8.940020759,8.543163706
Ecuador,ECU,"Unemployment, total (% of total labor force) (modeled ILO estimate)",3.779000044,3.549999952,3.14199996,3.917000055,4.607999802,4.087999821,3.457999945,3.234999895,3.082999945,3.480000019,3.615999937
"Egypt, Arab Rep.",EGY,"Unemployment, total (% of total labor force) (modeled ILO estimate)",11.19999981,10.48999977,8.800000191,8.517000198,9.086999893,8.756999969,11.84899998,12.59700012,13.15400028,13.10499954,13.05200005
Euro area,EMU,"Unemployment, total (% of total labor force) (modeled ILO estimate)",8.952793886,8.247729666,7.377709645,7.429980954,9.478211724,10.04029148,10.11387838,11.29321272,11.93183711,11.60419662,10.83614138
Eritrea,ERI,"Unemployment, total (% of total labor force) (modeled ILO estimate)",6.71600008,6.629000187,6.360000134,6.106999874,6.831999779,6.899000168,6.907000065,6.926000118,6.954999924,6.867000103,6.80700016
Spain,ESP,"Unemployment, total (% of total labor force) (modeled ILO estimate)",9.145999908,8.451999664,8.232000351,11.25399971,17.85700035,19.86000061,21.38999939,24.78700066,26.09399986,24.44099998,22.05699921
Estonia,EST,"Unemployment, total (% of total labor force) (modeled ILO estimate)",8.032999992,5.914999962,4.592000008,5.454999924,13.54800034,16.70700073,12.32800007,10.02099991,8.630999565,7.352000237,6.186999798
Ethiopia,ETH,"Unemployment, total (% of total labor force) (modeled ILO estimate)",2.496999979,2.295000076,2.178999901,2.130000114,2.354000092,2.390000105,2.289000034,2.197000027,2.250999928,2.104000092,2.013999939
European Union,EUU,"Unemployment, total (% of total labor force) (modeled ILO estimate)",8.900379509,8.155597964,7.125534321,6.957113077,8.871333358,9.511926183,9.600048734,10.41781939,10.81740586,10.20686805,9.38320489
Fragile and conflict affected situations,FCS,"Unemployment, total (% of total labor force) (modeled ILO estimate)",6.114843792,5.991649839,5.89372419,5.948232761,6.070236784,6.110535521,6.089780945,6.029511459,5.912481852,5.756253662,5.797991839
Finland,FIN,"Unemployment, total (% of total labor force) (modeled ILO estimate)",8.383999825,7.718999863,6.854000092,6.368999958,8.248999596,8.394000053,7.781000137,7.68900013,8.19299984,8.663000107,9.376000404
Fiji,FJI,"Unemployment, total (% of total labor force) (modeled ILO estimate)",3.885999918,3.834000111,3.75999999,3.624000072,4.157000065,4.352000237,4.40500021,4.515999794,4.356999874,4.532999992,4.547999859
France,FRA,"Unemployment, total (% of total labor force) (modeled ILO estimate)",8.493000031,8.447999954,7.657000065,7.063000202,8.736000061,8.87100029,8.81099987,9.399999619,9.920999527,10.29199982,10.35900021
Faroe Islands,FRO,"Unemployment, total (% of total labor force) (modeled ILO estimate)",,,,,,,,,,,
"Micronesia, Fed. Sts.",FSM,"Unemployment, total (% of total labor force) (modeled ILO estimate)",,,,,,,,,,,
Gabon,GAB,"Unemployment, total (% of total labor force) (modeled ILO estimate)",16.90999985,17.02700043,17.35400009,17.81800079,19.27400017,20.38999939,20.38699913,20.1760006,20.11100006,19.91600037,19.98600006
United Kingdom,GBR,"Unemployment, total (% of total labor force) (modeled ILO estimate)",4.75,5.349999905,5.262000084,5.614999771,7.537000179,7.787000179,8.036999702,7.885000229,7.525000095,6.110000134,5.301000118
Georgia,GEO,"Unemployment, total (% of total labor force) (modeled ILO estimate)",13.81000042,13.56999969,13.27999973,17.87000084,18.29999924,17.40999985,17.34000015,17.21999931,16.94000053,14.61999989,14.07999992
Ghana,GHA,"Unemployment, total (% of total labor force) (modeled ILO estimate)",5.539000034,4.635000229,4.565000057,4.657000065,5.171999931,5.320000172,5.907999992,6.006000042,6.429999828,6.477000237,6.806000233
Gibraltar,GIB,"Unemployment, total (% of total labor force) (modeled ILO estimate)",,,,,,,,,,,
Guinea,GIN,"Unemployment, total (% of total labor force) (modeled ILO estimate)",4.211999893,3.97300005,3.910000086,3.697999954,4.127999783,4.28399992,4.224999905,4.103000164,4.203000069,4.232999802,4.210999966
"Gambia, The",GMB,"Unemployment, total (% of total labor force) (modeled ILO estimate)",9.663999557,9.227000237,9.093999863,9.119999886,9.621999741,9.67800045,9.630000114,9.416999817,9.729000092,9.552000046,9.538999557
Guinea-Bissau,GNB,"Unemployment, total (% of total labor force) (modeled ILO estimate)",4.479000092,4.230999947,3.953000069,3.858999968,4.303999901,4.379000187,4.438000202,4.452000141,4.473999977,4.275000095,4.31799984
Equatorial Guinea,GNQ,"Unemployment, total (% of total labor force) (modeled ILO estimate)",8.444999695,8.156999588,7.822000027,7.743000031,8.100000381,8.237999916,8.407999992,8.194000244,8.578000069,8.531999588,8.906999588
Greece,GRC,"Unemployment, total (% of total labor force) (modeled ILO estimate)",9.994000435,9.008000374,8.395999908,7.760000229,9.616000175,12.7130003,17.86499977,24.43899918,27.4659996,26.49099922,24.89699936
Grenada,GRD,"Unemployment, total (% of total labor force) (modeled ILO estimate)",,,,,,,,,,,
Greenland,GRL,"Unemployment, total (% of total labor force) (modeled ILO estimate)",,,,,,,,,,,
Guatemala,GTM,"Unemployment, total (% of total labor force) (modeled ILO estimate)",2.993999958,2.885999918,2.796000004,2.84100008,3.308000088,3.496999979,4.125999928,2.765000105,3.016000032,2.717000008,2.506000042
Guam,GUM,"Unemployment, total (% of total labor force) (modeled ILO estimate)",7,7.400000095,8.300000191,8.347999573,9.300000191,8.199999809,13.30000019,12.19999981,11.5,7.599999905,6.900000095
Guyana,GUY,"Unemployment, total (% of total labor force) (modeled ILO estimate)",11.08699989,10.69999981,10.47599983,10.47399998,11.39900017,11.65699959,11.74300003,11.93299961,12.28299999,12.36699963,12.55200005
High income,HIC,"Unemployment, total (% of total labor force) (modeled ILO estimate)",6.652450851,6.105889428,5.585067634,5.847891559,7.952841752,8.217327189,7.888669842,7.926120916,7.836499501,7.231453777,6.617682155
"Hong Kong SAR, China",HKG,"Unemployment, total (% of total labor force) (modeled ILO estimate)",5.579999924,4.769999981,4.010000229,3.559999943,5.260000229,4.309999943,3.420000076,3.289999962,3.400000095,3.299999952,3.319999933
Honduras,HND,"Unemployment, total (% of total labor force) (modeled ILO estimate)",4.90899992,3.575000048,3.210999966,3.155999899,3.292000055,4.118999958,4.474999905,3.753999949,4.096000195,5.487999916,4.592000008
Heavily indebted poor countries (HIPC),HPC,"Unemployment, total (% of total labor force) (modeled ILO estimate)",4.842189874,4.572701398,4.313309291,4.215784833,4.571680661,4.732238459,4.577476425,4.349933751,4.210206209,4.035846645,4.057182751
Croatia,HRV,"Unemployment, total (% of total labor force) (modeled ILO estimate)",12.59799957,11.13000011,9.909000397,8.529999733,9.201999664,11.61999989,13.67800045,15.93500042,17.25099945,17.29000092,16.17499924
Haiti,HTI,"Unemployment, total (% of total labor force) (modeled ILO estimate)",14.87699986,15.81200027,16.79999924,15.93900013,16.23500061,15.64299965,14.9289999,14.10000038,14.14299965,13.91800022,13.72399998
Hungary,HUN,"Unemployment, total (% of total labor force) (modeled ILO estimate)",7.188000202,7.493999958,7.406000137,7.816999912,10.02999973,11.17199993,11.02900028,11.00300026,10.17599964,7.724999905,6.813000202
IBRD only,IBD,"Unemployment, total (% of total labor force) (modeled ILO estimate)",5.743946186,5.387886183,5.088664059,5.00598019,5.346635623,5.10579203,5.007888148,5.010285842,5.01152081,4.965075781,5.090759819
IDA & IBRD total,IBT,"Unemployment, total (% of total labor force) (modeled ILO estimate)",5.484785914,5.136176678,4.853084871,4.784461188,5.125860759,4.918426834,4.830508542,4.834106229,4.858222322,4.786880943,4.944767534
IDA total,IDA,"Unemployment, total (% of total labor force) (modeled ILO estimate)",4.365656803,4.063749886,3.862439728,3.867361797,4.226431636,4.169256647,4.132409142,4.151166923,4.273033731,4.116825474,4.405834202
IDA blend,IDB,"Unemployment, total (% of total labor force) (modeled ILO estimate)",3.819245966,3.535461655,3.214983291,3.184415469,3.488092461,3.588681353,3.552342653,3.826639691,4.309617845,4.09605925,5.01495847
Indonesia,IDN,"Unemployment, total (% of total labor force) (modeled ILO estimate)",7.945000172,7.551000118,8.06000042,7.209000111,6.105999947,5.613999844,5.152999878,4.467999935,4.335999966,4.048999786,4.513999939
IDA only,IDX,"Unemployment, total (% of total labor force) (modeled ILO estimate)",4.600359758,4.290721318,4.141760925,4.162730146,4.547770451,4.423337343,4.38766772,4.294848576,4.256758736,4.126071598,4.132473123
Isle of Man,IMN,"Unemployment, total (% of total labor force) (modeled ILO estimate)",,,,,,,,,,,
India,IND,"Unemployment, total (% of total labor force) (modeled ILO estimate)",3.101999998,2.736999989,2.398999929,2.267999887,2.474999905,2.444000006,2.519000053,2.690000057,2.822999954,2.765000105,2.782000065
Not classified,INX,"Unemployment, total (% of total labor force) (modeled ILO estimate)",,,,,,,,,,,
Ireland,IRL,"Unemployment, total (% of total labor force) (modeled ILO estimate)",4.342000008,4.414999962,4.980000019,6.774000168,12.60900021,14.53299999,15.35299969,15.45300007,13.74499989,11.85599995,9.904000282
"Iran, Islamic Rep.",IRN,"Unemployment, total (% of total labor force) (modeled ILO estimate)",12.10000038,11.19999981,10.60000038,10.47999954,11.97000027,13.52000046,12.44999981,12.63000011,10.43999958,10.56999969,11.06000042
Iraq,IRQ,"Unemployment, total (% of total labor force) (modeled ILO estimate)",9.420000076,9.06400013,8.649000168,8.18999958,8.812999725,8.583000183,8.194000244,7.965000153,8.020999908,7.925000191,8.079000473
Iceland,ISL,"Unemployment, total (% of total labor force) (modeled ILO estimate)",2.546999931,2.829999924,2.250999928,2.946000099,7.21999979,7.56400013,7.027999878,6,5.375999928,4.896999836,3.979000092
Israel,ISR,"Unemployment, total (% of total labor force) (modeled ILO estimate)",11.34200001,10.70699978,9.37899971,7.703999996,9.534000397,8.479999542,7.138999939,6.856999874,6.208000183,5.889999866,5.250999928
Italy,ITA,"Unemployment, total (% of total labor force) (modeled ILO estimate)",7.730999947,6.77699995,6.074999809,6.72300005,7.749000072,8.362999916,8.359000206,10.65499973,12.14900017,12.68299961,11.89599991
Jamaica,JAM,"Unemployment, total (% of total labor force) (modeled ILO estimate)",11.26299953,10.32499981,9.744999886,10.32999992,11.36200047,12.36600018,12.69999981,13.93000031,15.2510004,13.73999977,13.51099968
Jordan,JOR,"Unemployment, total (% of total labor force) (modeled ILO estimate)",14.80000019,14,13.10000038,12.69999981,12.89999962,12.5,12.89999962,12.19999981,12.60000038,11.89999962,13.07499981
Japan,JPN,"Unemployment, total (% of total labor force) (modeled ILO estimate)",4.400000095,4.099999905,3.900000095,4,5.099999905,5.099999905,4.520999908,4.300000191,4,3.599999905,3.400000095
Kazakhstan,KAZ,"Unemployment, total (% of total labor force) (modeled ILO estimate)",8.130000114,7.789999962,7.260000229,6.630000114,6.550000191,5.769999981,5.389999866,5.289999962,5.199999809,5.059999943,4.929999828
Kenya,KEN,"Unemployment, total (% of total labor force) (modeled ILO estimate)",9.784000397,9.442000389,9.06499958,8.925999641,9.600000381,9.730999947,9.67800045,9.661999702,9.789999962,9.588000298,9.675000191
Kyrgyz Republic,KGZ,"Unemployment, total (% of total labor force) (modeled ILO estimate)",8.109999657,8.270000458,8.100000381,8.220000267,8.409999847,8.640000343,8.529999733,8.430000305,8.329999924,8.050000191,7.559999943
Cambodia,KHM,"Unemployment, total (% of total labor force) (modeled ILO estimate)",1.470000029,1.279000044,1.167999983,1.151000023,1.281000018,1.376999974,1.317999959,1.279000044,1.284000039,1.231999993,1.19599998
Kiribati,KIR,"Unemployment, total (% of total labor force) (modeled ILO estimate)",,,,,,,,,,,
St. Kitts and Nevis,KNA,"Unemployment, total (% of total labor force) (modeled ILO estimate)",,,,,,,,,,,
"Korea, Rep.",KOR,"Unemployment, total (% of total labor force) (modeled ILO estimate)",3.700000048,3.5,3.200000048,3.200000048,3.599999905,3.700000048,3.400000095,3.200000048,3.099999905,3.5,3.599999905
Kuwait,KWT,"Unemployment, total (% of total labor force) (modeled ILO estimate)",1.526000023,1.299999952,1.5,1.75,1.639999986,1.820000052,2.059000015,2.398000002,2.732000113,2.900000095,2.200000048
Latin America & Caribbean (excluding high income),LAC,"Unemployment, total (% of total labor force) (modeled ILO estimate)",7.881689912,7.190528007,6.814059386,6.399274702,7.465365278,6.95762739,6.464730595,6.381565263,6.319445,6.098989449,6.644717906
Lao PDR,LAO,"Unemployment, total (% of total labor force) (modeled ILO estimate)",1.350000024,1.087000012,0.86500001,0.74000001,0.800000012,0.708000004,0.702000022,0.689999998,0.716000021,0.69599998,0.680000007
Lebanon,LBN,"Unemployment, total (% of total labor force) (modeled ILO estimate)",8.392000198,8.711000443,8.979999542,7.243999958,6.355000019,6.461999893,6.43599987,6.40899992,6.381999969,6.28000021,6.232999802
Liberia,LBR,"Unemployment, total (% of total labor force) (modeled ILO estimate)",2.421999931,2.226000071,2.032000065,1.963999987,2.246000051,2.266000032,2.27699995,2.263000011,2.288000107,2.207000017,2.184000015
Libya,LBY,"Unemployment, total (% of total labor force) (modeled ILO estimate)",18.45899963,18.11700058,17.38699913,16.54599953,17.19300079,17.61700058,19.56800079,19.03000069,18.30800056,17.13100052,16.09499931
St. Lucia,LCA,"Unemployment, total (% of total labor force) (modeled ILO estimate)",18.70000076,16,14,12.72000027,15.36999989,17.14900017,18.86000061,19.05999947,22.20999908,23.1779995,24.09000015
Latin America & Caribbean,LCN,"Unemployment, total (% of total labor force) (modeled ILO estimate)",7.937180184,7.2586699,6.870437032,6.494918883,7.591097806,7.027063801,6.510097138,6.40411982,6.327940566,6.130267545,6.640658527
Least developed countries: UN classification,LDC,"Unemployment, total (% of total labor force) (modeled ILO estimate)",4.806059802,4.463074228,4.237955059,4.133419835,4.504447655,4.303842371,4.19767392,4.116394911,4.128887919,4.0024787,4.027289725
Low income,LIC,"Unemployment, total (% of total labor force) (modeled ILO estimate)",4.086020155,3.943949081,3.783061316,3.786906389,4.069341037,4.171564697,4.093795118,3.964449134,3.892103344,3.714855959,3.760172943
Liechtenstein,LIE,"Unemployment, total (% of total labor force) (modeled ILO estimate)",,,,,,,,,,,
Sri Lanka,LKA,"Unemployment, total (% of total labor force) (modeled ILO estimate)",7.670000076,6.5,5.96999979,5.21999979,5.849999905,4.940000057,4.110000134,3.880000114,4.440000057,4.400000095,4.670000076
Lower middle income,LMC,"Unemployment, total (% of total labor force) (modeled ILO estimate)",4.566707027,4.192627603,3.942429819,3.801563528,3.929300315,3.735783209,3.792758057,3.849542527,3.989202923,3.937562251,4.130142025
Low & middle income,LMY,"Unemployment, total (% of total labor force) (modeled ILO estimate)",5.365508555,5.046720346,4.794232952,4.742462809,5.072513648,4.863013965,4.779364103,4.782021404,4.806333136,4.742519149,4.911081673
Lesotho,LSO,"Unemployment, total (% of total labor force) (modeled ILO estimate)",31.92099953,30.27099991,28.68199921,27.43000031,27.65699959,27.19400024,26.43899918,25.3029995,24.57999992,24.33200073,24.29800034
Late-demographic dividend,LTE,"Unemployment, total (% of total labor force) (modeled ILO estimate)",5.564071626,5.294000669,5.009460921,5.105614233,5.489009151,5.188296511,5.046522414,5.051709221,5.02138963,4.927594921,5.079300006
Lithuania,LTU,"Unemployment, total (% of total labor force) (modeled ILO estimate)",8.324999809,5.78000021,4.25,5.826000214,13.78499985,17.81399918,15.39000034,13.36499977,11.77000046,10.69799995,9.119999886
Luxembourg,LUX,"Unemployment, total (% of total labor force) (modeled ILO estimate)",4.487999916,4.730999947,4.065000057,5.059999943,5.122000217,4.361000061,4.901000023,5.139999866,5.84800005,5.852000237,6.669000149
Latvia,LVA,"Unemployment, total (% of total labor force) (modeled ILO estimate)",10.03299999,7.03000021,6.052000046,7.738999844,17.51499939,19.48200035,16.20599937,15.04699993,11.86699963,10.84599972,9.873000145
"Macao SAR, China",MAC,"Unemployment, total (% of total labor force) (modeled ILO estimate)",4.099999905,3.799999952,3.200000048,3,3.579999924,2.839999914,2.559999943,1.970000029,1.820000052,1.700000048,1.809999943
St. Martin (French part),MAF,"Unemployment, total (% of total labor force) (modeled ILO estimate)",,,,,,,,,,,
Morocco,MAR,"Unemployment, total (% of total labor force) (modeled ILO estimate)",11.01000023,9.670000076,9.56000042,9.569999695,8.960000038,9.090000153,8.909999847,8.989999771,9.229999542,9.699999809,9.460000038
Monaco,MCO,"Unemployment, total (% of total labor force) (modeled ILO estimate)",,,,,,,,,,,
Moldova,MDA,"Unemployment, total (% of total labor force) (modeled ILO estimate)",7.289999962,7.380000114,5.070000172,3.980000019,6.400000095,7.446000099,6.68200016,5.578000069,5.104000092,3.855999947,3.694000006
Madagascar,MDG,"Unemployment, total (% of total labor force) (modeled ILO estimate)",2.359999895,2.519999981,2.555999994,2.673000097,3.513000011,4.28000021,2.062999964,0.598999977,0.935000002,1.333999991,1.799999952
Maldives,MDV,"Unemployment, total (% of total labor force) (modeled ILO estimate)",2.874000072,3.029000044,3.016000032,3.130000114,3.734999895,4.113999844,4.390999794,4.647999763,5.031000137,5.210000038,5.677999973
Middle East & North Africa,MEA,"Unemployment, total (% of total labor force) (modeled ILO estimate)",11.00812969,10.09514931,9.518648314,9.126117642,9.392462568,9.543816022,10.07930509,10.26341818,9.824955411,9.836743608,9.906036078
Mexico,MEX,"Unemployment, total (% of total labor force) (modeled ILO estimate)",3.558000088,3.565999985,3.628000021,3.874000072,5.355999947,5.302999973,5.170000076,4.887000084,4.914000034,4.809000015,4.313000202
Marshall Islands,MHL,"Unemployment, total (% of total labor force) (modeled ILO estimate)",,,,,,,,,,,
Middle income,MIC,"Unemployment, total (% of total labor force) (modeled ILO estimate)",5.484818893,5.151047175,4.891142804,4.835521391,5.171660753,4.93253836,4.849295169,4.866554951,4.902186063,4.85191502,5.035677491
North Macedonia,MKD,"Unemployment, total (% of total labor force) (modeled ILO estimate)",37.25,36.02500153,34.93500137,33.76100159,32.17900085,32.02000046,31.37800026,31.01600075,28.99600029,28.03000069,26.06800079
Mali,MLI,"Unemployment, total (% of total labor force) (modeled ILO estimate)",10.01399994,10.84300041,11.71000004,10.10700035,9.395999908,8.069999695,6.900000095,7.086999893,7.300000191,6.375,7.729000092
Malta,MLT,"Unemployment, total (% of total labor force) (modeled ILO estimate)",6.922999859,6.797999859,6.472000122,5.977000237,6.888999939,6.847000122,6.377999783,6.308000088,6.386000156,5.803999901,5.390999794
Myanmar,MMR,"Unemployment, total (% of total labor force) (modeled ILO estimate)",1.065000057,0.94599998,0.837000012,0.787999988,0.908999979,0.910000026,0.894999981,0.870000005,0.838,0.792999983,0.765999973
Middle East & North Africa (excluding high income),MNA,"Unemployment, total (% of total labor force) (modeled ILO estimate)",11.95831694,10.96674334,10.45649443,10.19258394,10.4715106,10.74844617,11.50069426,11.81835446,11.32184377,11.39100564,11.58781271
Montenegro,MNE,"Unemployment, total (% of total labor force) (modeled ILO estimate)",30.30999947,24.6760006,19.39999962,17.14999962,19.09000015,19.64900017,19.67099953,19.97500038,19.49600029,17.99699974,17.54400063
Mongolia,MNG,"Unemployment, total (% of total labor force) (modeled ILO estimate)",7.605000019,7.028999805,7.199999809,5.565000057,5.860000134,6.548999786,4.769000053,3.904999971,4.230999947,4.797999859,4.861000061
Northern Mariana Islands,MNP,"Unemployment, total (% of total labor force) (modeled ILO estimate)",,,,,,,,,,,
Mozambique,MOZ,"Unemployment, total (% of total labor force) (modeled ILO estimate)",3.414000034,3.290999889,3.194999933,3.239000082,3.730000019,3.815999985,3.733999968,3.279999971,3.233999968,3.184000015,3.426000118
Mauritania,MRT,"Unemployment, total (% of total labor force) (modeled ILO estimate)",10.13300037,10.63899994,10.27099991,9.711000443,10.74699974,10.59399986,10.30099964,9.864999771,9.987000465,10.21100044,10.78899956
Mauritius,MUS,"Unemployment, total (% of total labor force) (modeled ILO estimate)",9.524000168,9.039999962,8.475000381,7.170000076,7.256999969,7.653999805,7.447000027,7.472000122,7.322000027,7.467000008,7.409999847
Malawi,MWI,"Unemployment, total (% of total labor force) (modeled ILO estimate)",7.800000191,7.093999863,6.461999893,6.179999828,6.429999828,6.323999882,6.373000145,6.177000046,5.946000099,5.875999928,5.785999775
Malaysia,MYS,"Unemployment, total (% of total labor force) (modeled ILO estimate)",3.529999971,3.319999933,3.230000019,3.339999914,3.690000057,3.25,3.049999952,3.039999962,3.109999895,2.880000114,3.099999905
North America,NAC,"Unemployment, total (% of total labor force) (modeled ILO estimate)",5.257546285,4.799826364,4.770881766,5.821327017,9.157212272,9.463446439,8.793424945,7.984803362,7.342145619,6.249378312,5.457251112
Namibia,NAM,"Unemployment, total (% of total labor force) (modeled ILO estimate)",21.88699913,21.10499954,20.53899956,19.98900032,21.53700066,22.10000038,19.63999939,16.77099991,19.02799988,18.52099991,20.83099937
New Caledonia,NCL,"Unemployment, total (% of total labor force) (modeled ILO estimate)",15.56299973,14.69900036,13.88300037,13.41899967,13.97000027,14.2840004,14.33899975,14.56200027,14.71899986,14.59000015,14.32699966
Niger,NER,"Unemployment, total (% of total labor force) (modeled ILO estimate)",3.099999905,2.226999998,1.55400002,1.034000039,0.86500001,0.501999974,0.319000006,0.331999987,0.323000014,0.321999997,0.298999995
Nigeria,NGA,"Unemployment, total (% of total labor force) (modeled ILO estimate)",3.869999886,3.665999889,3.438999891,3.424000025,3.756999969,3.769999981,3.697000027,3.693000078,3.703000069,4.436999798,5.313000202
Nicaragua,NIC,"Unemployment, total (% of total labor force) (modeled ILO estimate)",5.369999886,5.309999943,4.889999866,6.199999809,8.159999847,7.829999924,6.381000042,5.208000183,5.28000021,4.519000053,4.396999836
Netherlands,NLD,"Unemployment, total (% of total labor force) (modeled ILO estimate)",4.72300005,3.904999971,3.178999901,2.75,3.413000107,4.449999809,4.977000237,5.821000099,7.243000031,7.415999889,6.872000217
Norway,NOR,"Unemployment, total (% of total labor force) (modeled ILO estimate)",4.381000042,3.398999929,2.493000031,2.549999952,3.102999926,3.520999908,3.214999914,3.122999907,3.423000097,3.483999968,4.296000004
Nepal,NPL,"Unemployment, total (% of total labor force) (modeled ILO estimate)",1.702000022,1.549000025,1.381999969,1.335999966,1.567999959,1.521999955,1.523000002,1.582000017,1.549999952,1.457999945,1.42900002
Nauru,NRU,"Unemployment, total (% of total labor force) (modeled ILO estimate)",,,,,,,,,,,
New Zealand,NZL,"Unemployment, total (% of total labor force) (modeled ILO estimate)",3.806999922,3.857000113,3.661000013,4.166999817,6.120999813,6.55700016,6.491000175,6.931000233,6.264999866,5.751999855,5.364999771
OECD members,OED,"Unemployment, total (% of total labor force) (modeled ILO estimate)",6.638418942,6.069362014,5.616289866,5.946073074,8.127001348,8.326764947,7.950197026,7.938872108,7.881129464,7.358846787,6.77043757
Oman,OMN,"Unemployment, total (% of total labor force) (modeled ILO estimate)",4.650000095,4.393000126,4.152999878,4.142000198,4.698999882,4.65899992,4.433000088,4.321000099,4.164000034,3.848999977,3.542000055
Other small states,OSS,"Unemployment, total (% of total labor force) (modeled ILO estimate)",12.67383568,11.57524707,10.64898292,10.07757688,11.01810925,11.27814805,10.77456682,10.42943427,10.63186918,10.33814667,10.23851635
Pakistan,PAK,"Unemployment, total (% of total labor force) (modeled ILO estimate)",0.666000009,0.582000017,0.398000002,0.423000008,0.535000026,0.652999997,0.796000004,1.674999952,2.953999996,1.827000022,3.565999985
Panama,PAN,"Unemployment, total (% of total labor force) (modeled ILO estimate)",4.222000122,3.934999943,3.430000067,3.201999903,3.757999897,3.713000059,2.311000109,2.391000032,2.299999952,2.72300005,3.002000093
Peru,PER,"Unemployment, total (% of total labor force) (modeled ILO estimate)",4.860000134,4.260000229,4.188000202,4.05700016,3.900000095,3.477999926,3.441999912,3.108999968,3.236999989,2.961999893,3
Philippines,PHL,"Unemployment, total (% of total labor force) (modeled ILO estimate)",3.795000076,4.052000046,3.434000015,3.720000029,3.85800004,3.605000019,3.592000008,3.503999949,3.496999979,3.599999905,3.026000023
Palau,PLW,"Unemployment, total (% of total labor force) (modeled ILO estimate)",,,,,,,,,,,
Papua New Guinea,PNG,"Unemployment, total (% of total labor force) (modeled ILO estimate)",2.378000021,2.111000061,1.907999992,1.764000058,2.046999931,2.002000093,2.619999886,2.660000086,2.710999966,2.637000084,2.575999975
Poland,POL,"Unemployment, total (% of total labor force) (modeled ILO estimate)",17.74600029,13.84000015,9.602000237,7.118000031,8.166999817,9.637000084,9.631999969,10.0880003,10.32600021,8.989999771,7.500999928
Pre-demographic dividend,PRE,"Unemployment, total (% of total labor force) (modeled ILO estimate)",5.976017016,5.633359905,5.229846146,5.039308516,5.375857697,5.479675695,5.267989492,5.094362576,4.951232886,4.927854271,5.122493821
Puerto Rico,PRI,"Unemployment, total (% of total labor force) (modeled ILO estimate)",11.35000038,11.01000023,10.93000031,11.47999954,15,16.10000038,15.69999981,14.5,14.30000019,13.89999962,12
"Korea, Dem. People’s Rep.",PRK,"Unemployment, total (% of total labor force) (modeled ILO estimate)",3.917999983,3.663000107,3.381000042,3.278000116,3.637000084,3.654000044,3.66899991,3.637000084,3.671999931,3.582999945,3.54399991
Portugal,PRT,"Unemployment, total (% of total labor force) (modeled ILO estimate)",7.581999779,7.646999836,7.964000225,7.552000046,9.43200016,10.77000046,12.67700005,15.52700043,16.18300056,13.89400005,12.44400024
Paraguay,PRY,"Unemployment, total (% of total labor force) (modeled ILO estimate)",4.824999809,5.276000023,4.712999821,4.414999962,5.460000038,4.568999767,4.669000149,4.085000038,4.385000229,5.03399992,4.556000233
West Bank and Gaza,PSE,"Unemployment, total (% of total labor force) (modeled ILO estimate)",23.51499939,23.74099922,21.71800041,26.61199951,24.54800034,23.73399925,20.93600082,22.97299957,23.39699936,26.94599915,25.82099915
Pacific island small states,PSS,"Unemployment, total (% of total labor force) (modeled ILO estimate)",3.700580809,3.483795105,3.318033957,3.195128321,3.609412847,3.655883685,3.772715394,4.036483207,3.934532933,3.995834695,3.906251266
Post-demographic dividend,PST,"Unemployment, total (% of total labor force) (modeled ILO estimate)",6.34256776,5.920025991,5.513360391,5.851069967,8.010052645,8.297292256,8.017431861,8.070192255,7.982278063,7.459858456,6.869026719
French Polynesia,PYF,"Unemployment, total (% of total labor force) (modeled ILO estimate)",12.07299995,11.91100025,11.73999977,11.72200012,12.85200024,13.09700012,13.04500008,13.18299961,13.24499989,12.98499966,12.68999958
Qatar,QAT,"Unemployment, total (% of total labor force) (modeled ILO estimate)",1.205000043,0.870000005,0.519999981,0.310000002,0.310000002,0.449999988,0.560000002,0.479999989,0.270000011,0.189999998,0.159999996
Romania,ROU,"Unemployment, total (% of total labor force) (modeled ILO estimate)",7.173999786,7.269000053,6.413000107,5.787000179,6.859000206,6.959000111,7.177000046,6.794000149,7.096000195,6.802000046,6.811999798
Russian Federation,RUS,"Unemployment, total (% of total labor force) (modeled ILO estimate)",7.124000072,7.054999828,6.001999855,6.204999924,8.300999641,7.368999958,6.535999775,5.43599987,5.458000183,5.159999847,5.571000099
Rwanda,RWA,"Unemployment, total (% of total labor force) (modeled ILO estimate)",0.949000001,0.860000014,0.750999987,0.699000001,0.962000012,1.059999943,1.093000054,1.105999947,1.154000044,1.16900003,1.098999977
South Asia,SAS,"Unemployment, total (% of total labor force) (modeled ILO estimate)",3.02898136,2.656839232,2.372025748,2.293346851,2.557151904,2.372471003,2.456162623,2.692084028,2.962721737,2.800531643,2.99206852
Saudi Arabia,SAU,"Unemployment, total (% of total labor force) (modeled ILO estimate)",6.050000191,6.25,5.730000019,5.079999924,5.380000114,5.550000191,5.769999981,5.519999981,5.570000172,5.71999979,5.590000153
Sudan,SDN,"Unemployment, total (% of total labor force) (modeled ILO estimate)",16.05699921,15.26099968,14.89500046,14.80000019,13,13.35200024,13.04199982,13.17800045,13.26099968,13.20899963,13.15499973
Senegal,SEN,"Unemployment, total (% of total labor force) (modeled ILO estimate)",9.088000298,10.02999973,9.498999596,9.315999985,10.36299992,10.54100037,10.35999966,9.31400013,8.512999535,7.630000114,6.756999969
Singapore,SGP,"Unemployment, total (% of total labor force) (modeled ILO estimate)",5.590000153,4.480000019,3.900000095,3.960000038,5.860000134,4.119999886,3.890000105,3.720000029,3.859999895,3.74000001,3.789999962
Solomon Islands,SLB,"Unemployment, total (% of total labor force) (modeled ILO estimate)",2.335999966,2.075000048,1.853999972,1.786000013,2.019999981,1.726999998,1.898000002,2.085000038,2.040999889,2.096999884,2.013000011
Sierra Leone,SLE,"Unemployment, total (% of total labor force) (modeled ILO estimate)",3.461999893,3.438999891,3.417000055,3.505000114,4.032999992,3.790999889,3.74000001,4.107999802,4.545000076,4.677999973,4.75
El Salvador,SLV,"Unemployment, total (% of total labor force) (modeled ILO estimate)",7.21999979,6.570000172,6.409999847,5.880000114,7.329999924,4.893000126,4.302000046,3.845999956,3.693000078,4.163000107,4
San Marino,SMR,"Unemployment, total (% of total labor force) (modeled ILO estimate)",,,,,,,,,,,
Somalia,SOM,"Unemployment, total (% of total labor force) (modeled ILO estimate)",14.86400032,14.39900017,13.81900024,13.68799973,14.46199989,14.56799984,14.61800003,14.55200005,14.63099957,14.46500015,14.4119997
Serbia,SRB,"Unemployment, total (% of total labor force) (modeled ILO estimate)",20.85000038,20.85000038,18.05999947,13.70499992,16.1420002,19.21800041,22.9659996,24,22.15399933,19.22299957,17.92099953
Sub-Saharan Africa (excluding high income),SSA,"Unemployment, total (% of total labor force) (modeled ILO estimate)",7.109803419,6.742641244,6.28105245,5.866408231,6.206518464,6.337913178,6.172523413,6.033751361,5.931537837,5.900490069,6.076069637
South Sudan,SSD,"Unemployment, total (% of total labor force) (modeled ILO estimate)",13.20499992,12.74199963,12.31700039,12.14999962,13.11100006,13.14099979,12.96899986,12.67199993,12.86600018,12.44200039,12.8380003
Sub-Saharan Africa,SSF,"Unemployment, total (% of total labor force) (modeled ILO estimate)",7.109803419,6.742641244,6.28105245,5.866408231,6.206518464,6.337913178,6.172523413,6.033751361,5.931537837,5.900490069,6.076069637
Small states,SST,"Unemployment, total (% of total labor force) (modeled ILO estimate)",11.47345677,10.50699833,9.731758101,9.375899611,10.38570744,10.71015012,10.39032716,10.29007644,10.52804768,10.16374451,10.04246338
Sao Tome and Principe,STP,"Unemployment, total (% of total labor force) (modeled ILO estimate)",16.46999931,16.64999962,15.28100014,13.99199963,14.69299984,13.73999977,13.72299957,13.59000015,13.92700005,13.88599968,13.60499954
Suriname,SUR,"Unemployment, total (% of total labor force) (modeled ILO estimate)",9.340000153,9.232999802,8.267000198,8.048000336,8.720000267,7.150000095,7.539999962,8.100000381,6.599999905,6.940000057,7.21999979
Slovak Republic,SVK,"Unemployment, total (% of total labor force) (modeled ILO estimate)",16.25600052,13.37300014,11.14299965,9.508000374,12.02499962,14.37899971,13.61699963,13.9630003,14.22000027,13.18400002,11.48099995
Slovenia,SVN,"Unemployment, total (% of total labor force) (modeled ILO estimate)",6.506000042,5.949999809,4.81799984,4.370999813,5.856999874,7.236000061,8.166000366,8.840000153,10.10200024,9.668000221,8.961999893
Sweden,SWE,"Unemployment, total (% of total labor force) (modeled ILO estimate)",7.486000061,7.065999985,6.160999775,6.235000134,8.350999832,8.609999657,7.803999901,7.975999832,8.052000046,7.953000069,7.43200016
Eswatini,SWZ,"Unemployment, total (% of total labor force) (modeled ILO estimate)",28.24699974,28.28300095,28.23999977,27.29599953,27.75399971,27.30900002,26.6760006,25.98399925,25.41300011,24.49500084,23.64299965
Sint Maarten (Dutch part),SXM,"Unemployment, total (% of total labor force) (modeled ILO estimate)",,,,,,,,,,,
Seychelles,SYC,"Unemployment, total (% of total labor force) (modeled ILO estimate)",,,,,,,,,,,
Syrian Arab Republic,SYR,"Unemployment, total (% of total labor force) (modeled ILO estimate)",9.112999916,8.170000076,8.420000076,10.92000008,8.140000343,8.609999657,8.62899971,8.670000076,8.673000336,8.449000359,8.392000198
Turks and Caicos Islands,TCA,"Unemployment, total (% of total labor force) (modeled ILO estimate)",,,,,,,,,,,
Chad,TCD,"Unemployment, total (% of total labor force) (modeled ILO estimate)",1.488000035,1.355000019,1.269999981,1.286000013,1.611999989,1.618999958,1.763000011,1.777999997,2.114000082,2.052999973,2.171999931
East Asia & Pacific (IDA & IBRD countries),TEA,"Unemployment, total (% of total labor force) (modeled ILO estimate)",4.478372737,4.360923874,4.317216964,4.473067686,4.406409038,4.151113229,4.087972786,4.076707824,4.069148306,4.038588028,4.099392183
Europe & Central Asia (IDA & IBRD countries),TEC,"Unemployment, total (% of total labor force) (modeled ILO estimate)",9.445142059,8.625429409,7.514957693,7.283606056,8.925777332,8.544367469,8.014358482,7.538238099,7.592938918,7.644044008,7.61655689
Togo,TGO,"Unemployment, total (% of total labor force) (modeled ILO estimate)",1.978999972,1.848999977,1.675999999,1.646000028,1.889000058,1.934000015,1.863000035,1.898000002,1.812000036,1.786000013,1.692000031
Thailand,THA,"Unemployment, total (% of total labor force) (modeled ILO estimate)",1.350000024,1.220000029,1.179999948,1.179999948,1.039000034,0.621999979,0.660000026,0.579999983,0.488999993,0.575999975,0.597000003
Tajikistan,TJK,"Unemployment, total (% of total labor force) (modeled ILO estimate)",12.98099995,11.86299992,11.02799988,10.89000034,11.5,11.63399982,11.57199955,11.70300007,11.82199955,11.64900017,11.35000038
Turkmenistan,TKM,"Unemployment, total (% of total labor force) (modeled ILO estimate)",7.361000061,6.353000164,5.383999825,4.506999969,4.385000229,4,3.976000071,3.959000111,3.977999926,3.895999908,3.839999914
Latin America & the Caribbean (IDA & IBRD countries),TLA,"Unemployment, total (% of total labor force) (modeled ILO estimate)",8.032845828,7.340696842,6.946782098,6.561916324,7.662405463,7.061021887,6.52020966,6.412557718,6.337475713,6.149605729,6.686992635
Timor-Leste,TLS,"Unemployment, total (% of total labor force) (modeled ILO estimate)",3.601000071,3.28399992,3.102999926,2.963999987,3.180000067,3.301000118,3.200999975,3.249000072,3.325999975,3.288000107,3.342999935
Middle East & North Africa (IDA & IBRD countries),TMN,"Unemployment, total (% of total labor force) (modeled ILO estimate)",11.86723371,10.86285802,10.36245553,10.05295507,10.34972208,10.63575552,11.41357241,11.71213202,11.20529866,11.22939965,11.43745961
Tonga,TON,"Unemployment, total (% of total labor force) (modeled ILO estimate)",2.138999939,1.090000033,0.987999976,0.957000017,1.125,1.146000028,1.133999944,1.113000035,1.13499999,1.110000014,1.080000043
South Asia (IDA & IBRD),TSA,"Unemployment, total (% of total labor force) (modeled ILO estimate)",3.02898136,2.656839232,2.372025748,2.293346851,2.557151904,2.372471003,2.456162623,2.692084028,2.962721737,2.800531643,2.99206852
Sub-Saharan Africa (IDA & IBRD countries),TSS,"Unemployment, total (% of total labor force) (modeled ILO estimate)",7.109803419,6.742641244,6.28105245,5.866408231,6.206518464,6.337913178,6.172523413,6.033751361,5.931537837,5.900490069,6.076069637
Trinidad and Tobago,TTO,"Unemployment, total (% of total labor force) (modeled ILO estimate)",3.469000101,3.28399992,3.11500001,3.107000113,3.648000002,3.775000095,3.247999907,3.453000069,2.460000038,2.223999977,2.210999966
Tunisia,TUN,"Unemployment, total (% of total labor force) (modeled ILO estimate)",12.87199974,12.51000023,12.36499977,12.44400024,13.29100037,13.04899979,18.33399963,17.62999916,15.93400002,15.05799961,15.21800041
Turkey,TUR,"Unemployment, total (% of total labor force) (modeled ILO estimate)",10.63599968,8.718000412,8.868000031,9.710000038,12.55200005,10.65999985,8.795999527,8.149000168,8.732000351,9.880000114,10.23600006
Tuvalu,TUV,"Unemployment, total (% of total labor force) (modeled ILO estimate)",,,,,,,,,,,
Tanzania,TZA,"Unemployment, total (% of total labor force) (modeled ILO estimate)",3.46600008,3.299000025,2.693000078,2.35800004,2.5,3.035000086,3.470000029,3.24000001,2.930000067,2.125,2.122999907
Uganda,UGA,"Unemployment, total (% of total labor force) (modeled ILO estimate)",1.899999976,2.122999907,2.256000042,2.661999941,3.599999905,3.680000067,3.595000029,3.551000118,1.909999967,1.888000011,1.870000005
Ukraine,UKR,"Unemployment, total (% of total labor force) (modeled ILO estimate)",7.179999828,6.809999943,6.349999905,6.360000134,8.840000153,8.100000381,7.860000134,7.53000021,7.170000076,9.270000458,9.140000343
Upper middle income,UMC,"Unemployment, total (% of total labor force) (modeled ILO estimate)",6.201275232,5.901852406,5.641248355,5.658446297,6.167147035,5.90207972,5.709389057,5.697119401,5.657722136,5.618673673,5.802802436
Uruguay,URY,"Unemployment, total (% of total labor force) (modeled ILO estimate)",12.00899982,10.84399986,9.402999878,8.024999619,7.739999771,7.157999992,6.30700016,6.451000214,6.443999767,6.546999931,7.487999916
United States,USA,"Unemployment, total (% of total labor force) (modeled ILO estimate)",5.083000183,4.623000145,4.622000217,5.78399992,9.25399971,9.633000374,8.949000359,8.069000244,7.375,6.168000221,5.28000021
Uzbekistan,UZB,"Unemployment, total (% of total labor force) (modeled ILO estimate)",6.927000046,5.849999905,4.989999771,4.889999866,5.039999962,5.360000134,4.960000038,4.869999886,4.860000134,5.090000153,5.150000095
St. Vincent and the Grenadines,VCT,"Unemployment, total (% of total labor force) (modeled ILO estimate)",20.15699959,19.27400017,18.79400063,18.79999924,19.75200081,19.91600037,19.79100037,19.71999931,19.69099998,19.68700027,20.1989994
"Venezuela, RB",VEN,"Unemployment, total (% of total labor force) (modeled ILO estimate)",10.66300011,8.605999947,7.278999805,6.244999886,8.050000191,8.449999809,6.90199995,6.600999832,7.539999962,6.949999809,6.820000172
British Virgin Islands,VGB,"Unemployment, total (% of total labor force) (modeled ILO estimate)",,,,,,,,,,,
Virgin Islands (U.S.),VIR,"Unemployment, total (% of total labor force) (modeled ILO estimate)",8.772000313,8.472000122,8.187999725,8.173999786,9.050000191,9.241999626,9.201000214,9.309000015,9.357999802,9.154000282,8.923000336
Vietnam,VNM,"Unemployment, total (% of total labor force) (modeled ILO estimate)",2.224999905,2.174000025,2.026000023,2.380000114,1.736999989,1.113999963,0.999000013,1.02699995,1.251999974,1.256000042,1.858999968
Vanuatu,VUT,"Unemployment, total (% of total labor force) (modeled ILO estimate)",6.186999798,5.781000137,5.373000145,5.058000088,5.460000038,5.636000156,5.888000011,6.051000118,5.991000175,5.869999886,5.526000023
World,WLD,"Unemployment, total (% of total labor force) (modeled ILO estimate)",5.603405019,5.242479719,4.940264919,4.946892824,5.602664989,5.478005908,5.345875527,5.353330827,5.35402249,5.190535637,5.21666888
Samoa,WSM,"Unemployment, total (% of total labor force) (modeled ILO estimate)",5.139999866,4.958000183,4.750999928,4.769000053,5.34499979,5.524000168,5.679999828,8.751999855,8.795999527,8.720000267,8.616000175
Kosovo,XKX,"Unemployment, total (% of total labor force) (modeled ILO estimate)",,,,,,,,,,,
"Yemen, Rep.",YEM,"Unemployment, total (% of total labor force) (modeled ILO estimate)",11.79899979,11.60599995,11.3380003,11.34300041,12.51299953,12.90499973,13.05799961,13.25199986,13.50699997,13.46700001,14.02299976
South Africa,ZAF,"Unemployment, total (% of total labor force) (modeled ILO estimate)",29.25300026,28.48900032,26.66600037,22.43300056,23.53800011,24.69300079,24.65299988,24.73200035,24.56900024,24.89800072,25.15600014
Zambia,ZMB,"Unemployment, total (% of total labor force) (modeled ILO estimate)",15.89999962,12.5,9.987000465,7.929999828,10.62300014,13.18999958,10.19999981,7.849999905,7.801000118,7.706999779,7.446000099
Zimbabwe,ZWE,"Unemployment, total (% of total labor force) (modeled ILO estimate)",4.28399992,4.066999912,4.160999775,4.449999809,5.03399992,5.122000217,5.368000031,5.607999802,5.623000145,5.518000126,5.438000202